/home/tiger/miniconda3/envs/raps/lib/python3.12/site-packages/class_registry/entry_points.py:7: UserWarning: pkg_resources is deprecated as an API. See https://setuptools.pypa.io/en/latest/pkg_resources.html. The pkg_resources package is slated for removal as early as 2025-11-30. Refrain from using this package or pin to Setuptools<81.
  from pkg_resources import iter_entry_points
A/B prompts on GSM8K | 60 questions | top_k=1 max_steps=3
[BROKER] Predicted next task: As the Inspector, I will verify the calculations and logic presented by the Mathematical Analyst regarding Janet's egg production and consumption. I will ensure that the analysis is accurate and that the final revenue calculation aligns with the problem-solving steps. My output will include a detailed review of the reasoning process, concluding with the final result.
[BROKER-EMBEDDING] Top-1 (Threshold 0.3): ['Inspector_Ksqn']
[BROKER] Predicted next task: The most suitable downstream role for this task is **Mathematical Analyst_Xo9F**. This role focuses on analyzing word problems related to daily production and sales, which aligns perfectly with the calculations regarding Janet's egg production, consumption, and revenue. The analyst will step through the calculations, ensuring clarity in how many eggs remain for sale and the total revenue generated, ultimately presenting the final result as a single number.
[BROKER-EMBEDDING] Top-1 (Threshold 0.3): ['Mathematical Analyst_Xo9F']
[BROKER] Predicted next task: As an Inspector, I will evaluate the mathematical analysis provided by the previous agent, ensuring that the calculations and logic are accurate. I will verify the correctness of the steps taken to arrive at the solution and confirm that they align with the final answer. Additionally, I will provide my own step-by-step reasoning based on the hints given. My output will conclude with the final result, presented without any units.
[BROKER-EMBEDDING] Top-1 (Threshold 0.3): ['Inspector_Ksqn']
[BROKER] Predicted next task: The most suitable downstream role is **Mathematical Analyst_Xo9F**. This role involves defining variables for the fiber requirements, calculating the total bolts needed using the provided information, and presenting the final result as a single number without any units. The previous agent has already laid out the necessary calculations, making this role ideal for summarizing and concluding the analysis.
[BROKER-EMBEDDING] Top-1 (Threshold 0.3): ['Mathematical Analyst_Xo9F']
[BROKER] Predicted next task: I will assume the role of Inspector_Ksqn. My responsibility is to verify the logic and calculations provided by the Mathematical Analyst regarding Josh's profit from flipping the house. I will ensure that the steps taken are accurate and that the final result aligns with the calculations performed. My output will include a step-by-step verification process, concluding with the final profit amount without any units.
[BROKER-EMBEDDING] Top-1 (Threshold 0.3): ['Inspector_Ksqn']
[BROKER] Predicted next task: The most suitable downstream role is **Mathematical Analyst_Xo9F**. This role specializes in analyzing real estate profit calculations by systematically calculating total investment, determining new value based on percentage increase, and finding profit through subtraction. The agent's expertise aligns perfectly with the provided calculations, ensuring a clear and accurate presentation of the final profit amount without any units.
[BROKER-EMBEDDING] Top-1 (Threshold 0.3): ['Mathematical Analyst_Xo9F']
[BROKER] Predicted next task: The most suitable downstream role is **Inspector_Ksqn**. This role involves verifying the correctness of the mathematical analysis and calculations provided by the previous agent. The Inspector will ensure that the logic is sound and that the conclusions drawn align with the computations performed. Additionally, the Inspector will provide a step-by-step explanation of the problem-solving process based on the hints given, culminating in a final result.
[BROKER-EMBEDDING] Top-1 (Threshold 0.3): ['Inspector_Ksqn']
[BROKER] Predicted next task: The most suitable downstream role for this task is the **Mathematical Analyst_Xo9F**. This role focuses on calculating total distances based on given parameters, which aligns perfectly with the task of analyzing James's running sprints. The agent will present calculations step by step, clearly substituting values, and conclude with the final total distance run in meters.
[BROKER-EMBEDDING] Top-1 (Threshold 0.3): ['Mathematical Analyst_Xo9F']
[BROKER] Predicted next task: The most suitable downstream role is [Inspector_Ksqn]. This role involves verifying the mathematical analysis and calculations provided by the previous agent, ensuring accuracy in the logic and reasoning. It also includes validating whether the solution aligns with the problem statement. The final output will concisely present the result without units, confirming the correctness of the calculations.
[BROKER-EMBEDDING] Top-1 (Threshold 0.3): ['Inspector_Ksqn']
[BROKER] Predicted next task: The most suitable downstream role is **Mathematical Analyst_Xo9F**. This role focuses on solving the problem related to Wendi's chicken feeding schedule by calculating the total feed required and determining the amount needed for the final meal based on the provided calculations. The analyst will present the final result as a single number without any units, aligning perfectly with the task at hand.
[BROKER-EMBEDDING] Top-1 (Threshold 0.3): ['Mathematical Analyst_Xo9F']
[BROKER] Predicted next task: I am an Inspector. I will review the mathematical analysis provided by the previous agent, ensuring the calculations and logic are correct. I will then provide my own step-by-step solving process based on the hints given, ultimately presenting the final result succinctly.
[BROKER-EMBEDDING] Top-1 (Threshold 0.3): ['Inspector_Ksqn']
[BROKER] Predicted next task: The most suitable downstream role for calculating the total cost of Kylar's glasses purchase is **Mathematical Analyst_Xo9F**. This role focuses on step-by-step analysis of the pricing structure, determining the number of full-price and discounted glasses, performing the necessary calculations, and providing the final total amount as a single numerical answer without any units.
[BROKER-EMBEDDING] Top-1 (Threshold 0.3): ['Mathematical Analyst_Xo9F']
[BROKER] Predicted next task: The most suitable downstream role for this task is [Inspector_Ksqn]. This role involves verifying the mathematical analysis provided by the previous agent, ensuring the calculations and logic are correct, and presenting the solution step by step. Additionally, it requires summarizing the findings with the final result, aligning well with the completed analysis of the sheep problem.
[BROKER-EMBEDDING] Top-1 (Threshold 0.3): ['Inspector_Ksqn']
[BROKER] Predicted next task: The most suitable downstream role is [Mathematical Analyst_Xo9F]. This role involves defining variables for each location's sheep count, using the provided relationships to calculate the quantities, and finally determining the total number of sheep. The focus is on substituting values into equations and presenting the final result concisely without units, aligning perfectly with the previous agent's calculations.
[BROKER-EMBEDDING] Top-1 (Threshold 0.3): ['Mathematical Analyst_Xo9F']
[BROKER] Predicted next task: As the Inspector, I will verify the accuracy of the mathematical analysis provided by the Mathematical Analyst, ensuring the calculations and logic are correct. I will also evaluate any accompanying code for consistency with the analysis. My role involves providing a step-by-step breakdown of the solution process, confirming the final result.
[BROKER-EMBEDDING] Top-1 (Threshold 0.3): ['Inspector_Ksqn']
[BROKER] Predicted next task: As a Mathematical Analyst specializing in download time calculations, I will analyze Carla's download scenario step by step. I will calculate the time taken to download 40% of the file, consider the impact of a 20-minute forced restart, and determine the total time required to download the entire file again from the beginning. The final total download time will be presented as a single numerical value without any units.
[BROKER-EMBEDDING] Top-1 (Threshold 0.3): ['Mathematical Analyst_Xo9F']
[BROKER] Predicted next task: The most suitable downstream role is **Inspector_Ksqn**. As an Inspector, I will verify the calculations and logic provided by the Mathematical Analyst regarding John's journey. I will ensure that the analysis is correct, confirm the calculations for each segment, and provide a step-by-step reasoning process based on the hints given. Finally, I will present the net distance from home as the final result.
[BROKER-EMBEDDING] Top-1 (Threshold 0.3): ['Inspector_Ksqn']
[BROKER] Predicted next task: The most suitable downstream role for this scenario is **Mathematical Analyst_Xo9F**. This role involves breaking down John's journey into distinct segments, calculating distances for each phase, and determining his final position relative to home. The analyst will present calculations step by step and conclude with the final distance without any units, ensuring clarity and accuracy in the solution.
[BROKER-EMBEDDING] Top-1 (Threshold 0.3): ['Mathematical Analyst_Xo9F']
[BROKER] Predicted next task: As the Inspector, I will verify the correctness of the mathematical analysis and calculations provided by the previous agent. I will ensure that the logic used in determining Eliza's earnings is sound and that any code, if present, aligns with the solution analysis. My output will include a step-by-step breakdown of the reasoning process leading to the final result, which I will present without any units.
[BROKER-EMBEDDING] Top-1 (Threshold 0.3): ['Inspector_Ksqn']
[BROKER] Predicted next task: The most suitable downstream role for this task is **Mathematical Analyst_Xo9F**. This role specializes in payroll calculations, which aligns perfectly with the task of calculating Eliza's total earnings based on her regular and overtime hours. The analyst will break down the calculations clearly and present only the final earnings amount, ensuring accuracy and clarity in the result.
[BROKER-EMBEDDING] Top-1 (Threshold 0.3): ['Mathematical Analyst_Xo9F']
[BROKER] Predicted next task: The most suitable downstream role for this task is [Inspector_Ksqn]. This role involves verifying the accuracy of the mathematical analysis provided by the previous agent, ensuring that the calculations are correct, and confirming that the logic aligns with the problem-solving process. The Inspector will also summarize the findings and present the final result succinctly.
[BROKER-EMBEDDING] Top-1 (Threshold 0.3): ['Inspector_Ksqn']
[BROKER] Predicted next task: The most suitable downstream role for this task is **Mathematical Analyst_Xo9F**. This role focuses on calculating the total number of downloads over three months based on defined variables and logical deductions from previous agents' outputs. The analyst will present the final answer clearly and concisely without additional commentary or units, ensuring clarity and precision in the mathematical result.
[BROKER-EMBEDDING] Top-1 (Threshold 0.3): ['Mathematical Analyst_Xo9F']
[BROKER] Predicted next task: The most suitable downstream role is **Inspector_Ksqn**. As an Inspector, I will verify the accuracy of the mathematical analysis provided by the previous agent. I will check the calculations for each type of pastry, ensure the summation is correct, and confirm that the final result aligns with the analysis. My output will include a step-by-step review of the logic and calculations, concluding with the final result.
[BROKER-EMBEDDING] Top-1 (Threshold 0.3): ['Inspector_Ksqn']
[BROKER] Predicted next task: The most suitable downstream role for this situation is **Mathematical Analyst_Xo9F**. This role focuses on cost calculations for purchases, which aligns perfectly with the task of verifying and summarizing the costs of different types of pastries. The agent will identify the cost of each pastry type by multiplying the quantity by the cost per dozen and then summing these costs to find the total expenditure, ultimately presenting the final result as a single number without any units.
[BROKER-EMBEDDING] Top-1 (Threshold 0.3): ['Mathematical Analyst_Xo9F']
[BROKER] Predicted next task: As the Inspector, I will evaluate the analysis and calculations provided by the Mathematical Analyst regarding Carlos's lemon tree investment. I will verify the logic and calculations step by step, ensuring accuracy. If any code is present, I will check its alignment with the solution analysis. My final output will present the conclusion succinctly, focusing on the correctness of the overall problem-solving process.
[BROKER-EMBEDDING] Top-1 (Threshold 0.3): ['Inspector_Ksqn']
[BROKER] Predicted next task: The most suitable downstream role is **Mathematical Analyst_Xo9F**. This role focuses on evaluating the profitability of investments, requiring a step-by-step calculation of annual revenue, costs, net profit, and cumulative profit until it becomes positive. The agent will present the results clearly and conclude with the number of years before Carlos starts earning money, ensuring the answer is a whole number without units.
[BROKER-EMBEDDING] Top-1 (Threshold 0.3): ['Mathematical Analyst_Xo9F']
[BROKER] Predicted next task: You are a Math Solver. You will analyze the given mathematical problem and hints provided by other agents, then present a step-by-step solution process. Your final output will consist solely of the computed answer without any units, ensuring clarity and precision in your response.
[BROKER-EMBEDDING] Top-1 (Threshold 0.3): ['Math Solver_sopM']
[BROKER] Predicted next task: As the Mathematical Analyst, your role is to solve a word problem about Melanie's vacuum cleaner sales. You will define the total number of vacuum cleaners as a variable, break down the sales step-by-step, set up an equation based on the remaining quantity, and solve for the total number. Present the final result as a single number without any units.
[BROKER-EMBEDDING] Top-1 (Threshold 0.3): ['Mathematical Analyst_Xo9F']
[BROKER] Predicted next task: As an Inspector, I will evaluate the logic and calculations presented by previous agents regarding the student enrollment problem. I will verify the correctness of the mathematical analysis and ensure that the conclusions drawn align with the calculations. Additionally, I will provide a step-by-step reasoning process based on the hints provided, culminating in a final result without any units.
[BROKER-EMBEDDING] Top-1 (Threshold 0.3): ['Inspector_Ksqn']
[BROKER] Predicted next task: The most suitable downstream role is [Mathematical Analyst_Xo9F]. This role specifically involves solving a percentage problem related to student enrollment, following a step-by-step approach that aligns with the previous agent's calculations. It requires calculating the number of students in each dance class and expressing the final result as a percentage, which matches the context of the task provided.
[BROKER-EMBEDDING] Top-1 (Threshold 0.3): ['Mathematical Analyst_Xo9F']
[BROKER] Predicted next task: As an Inspector, I will evaluate the mathematical analysis provided by previous agents, ensuring the calculations and logic are accurate. I will verify the correctness of the expected profit calculations for both the jewelry and electronic gadgets purchase plans, and check if the conclusions drawn align with the computations. My final output will summarize the correctness of the analysis, concluding with the maximum profit value determined.
[BROKER-EMBEDDING] Top-1 (Threshold 0.3): ['Inspector_Ksqn']
[BROKER] Predicted next task: The most suitable downstream role for this scenario is **Mathematical Analyst_Xo9F**. This role involves analyzing the potential profit from the two purchase plans, calculating expected profits based on the provided market increases, and comparing the results to determine which option yields a higher profit. The agent will present the final profit figures for both options and conclude with the maximum profit value.
[BROKER-EMBEDDING] Top-1 (Threshold 0.3): ['Mathematical Analyst_Xo9F']
[BROKER] Predicted next task: The most suitable downstream role is **Inspector_Ksqn**. This role involves verifying the correctness of the mathematical analysis and calculations provided by the Mathematical Analyst, ensuring that the logic is sound. Additionally, it requires a step-by-step explanation of the solution process, culminating in the final result. This aligns perfectly with the need to confirm the accuracy of the total distance calculation of 230 miles for each train.
[BROKER-EMBEDDING] Top-1 (Threshold 0.3): ['Inspector_Ksqn']
[BROKER] Predicted next task: The most suitable downstream role is **Mathematical Analyst_Xo9F**. This role involves calculating the total distance traveled by two trains over two days by breaking down the problem into segments, defining the distances for each day, and summing them to present the final total distance in a clear format.
[BROKER-EMBEDDING] Top-1 (Threshold 0.3): ['Mathematical Analyst_Xo9F']
[BROKER] Predicted next task: As an Inspector, I will verify the accuracy of the calculations and logic provided by the previous agents regarding Jill's total annual salary. I will ensure that the mathematical processes and conclusions are correct, and I will present a step-by-step verification of the findings. Finally, I will summarize the result succinctly without any units.
[BROKER-EMBEDDING] Top-1 (Threshold 0.3): ['Inspector_Ksqn']
[BROKER] Predicted next task: The most suitable downstream role is **Mathematical Analyst_Xo9F**. This role specializes in salary calculations by identifying total hours worked in each position, calculating earnings based on hourly rates, and providing the total annual salary as a single numerical output without any units.
[BROKER-EMBEDDING] Top-1 (Threshold 0.3): ['Math Solver_sopM']
[BROKER] Predicted next task: As the Inspector, I will evaluate the mathematical analysis provided by the Mathematical Analyst, ensuring the calculations and logic are accurate. I will verify each step of the problem-solving process and confirm that the final result aligns with the calculations. My output will summarize the correctness of the analysis and present the final answer succinctly, without any units.
[BROKER-EMBEDDING] Top-1 (Threshold 0.3): ['Inspector_Ksqn']
[BROKER] Predicted next task: The most suitable downstream role is **Mathematical Analyst_Xo9F**. This role focuses on calculating the total number of dozens of eggs Claire will consume over 4 weeks by systematically determining the total number of eggs based on the number of days and the eggs per omelet, followed by converting that total into dozens. The role emphasizes presenting the final answer as a whole number without any units, aligning with the previous agents' outputs.
[BROKER-EMBEDDING] Top-1 (Threshold 0.3): ['Mathematical Analyst_Xo9F']
[BROKER] Predicted next task: As an Inspector, I will review the mathematical analysis provided by the previous agent, ensuring the calculations and logic are accurate. I will validate each step of the problem-solving process and confirm that the conclusions drawn are correct. If any discrepancies are found, I will provide a corrected analysis. My final output will present the answer without any units.
[BROKER-EMBEDDING] Top-1 (Threshold 0.3): ['Inspector_Ksqn']
[BROKER] Predicted next task: The most suitable downstream role is **Mathematical Analyst_Xo9F**. This role focuses on solving a specific hiking speed problem by clearly identifying total distance, distance traveled, remaining distance, total time spent, and required speed. It emphasizes presenting calculations step-by-step and concluding with the final result as a single number without units, ensuring clarity and accuracy in the analysis.
[BROKER-EMBEDDING] Top-1 (Threshold 0.3): ['Mathematical Analyst_Xo9F']
[BROKER] Predicted next task: As the Inspector, I will verify the accuracy of the mathematical analysis and calculations provided by the previous agents. I will ensure that the logic is sound and that any corresponding code aligns with the solution process. My output will include a step-by-step reasoning of the calculations, culminating in a final result devoid of units.
[BROKER-EMBEDDING] Top-1 (Threshold 0.3): ['Inspector_Ksqn']
[BROKER] Predicted next task: The most suitable downstream role is **Mathematical Analyst_Xo9F**. This role specializes in mixture problems involving liquids, which aligns perfectly with the calculations already performed regarding the water content in the orange and pineapple drinks, as well as the effects of the spill. The analyst will summarize the total amount of water in the remaining mixture succinctly, focusing on the final result without any additional context or units.
[BROKER-EMBEDDING] Top-1 (Threshold 0.3): ['Mathematical Analyst_Xo9F']
[BROKER] Predicted next task: As a Math Solver, I will analyze the problem-solving process provided by the Mathematical Analyst, step by step, to ensure clarity and correctness. I will independently verify the calculations and logic used to determine Raymond's son's birth year. My final output will present the answer concisely, without any additional commentary or units.
[BROKER-EMBEDDING] Top-1 (Threshold 0.3): ['Inspector_Ksqn']
[BROKER] Predicted next task: The most suitable downstream role is **Mathematical Analyst_Xo9F**. This role specializes in age-related problems, allowing for a clear establishment of relationships between ages and accurate calculations regarding when events occurred, such as the birth of Raymond's son. The analysis provided by the previous agent aligns well with the expertise required to determine the age of Raymond when his son was born and how many years ago that was.
[BROKER-EMBEDDING] Top-1 (Threshold 0.3): ['Mathematical Analyst_Xo9F']
[BROKER] Predicted next task: The most suitable downstream role is **Inspector_Ksqn**. This role will verify the accuracy of the mathematical analysis provided by the previous agent, ensuring that the calculations of DVD sales are correct. Additionally, it will evaluate the logical coherence of the problem-solving process and confirm that the final result aligns with the analysis, providing a clear and concise conclusion.
[BROKER-EMBEDDING] Top-1 (Threshold 0.3): ['Inspector_Ksqn']
[BROKER] Predicted next task: The most suitable downstream role for this task is **Mathematical Analyst_Xo9F**. This role specializes in analyzing sales calculations by breaking down the number of DVDs sold by each customer group, representing data as variables, and calculating the total. The focus is on providing a clear and concise final result based on the analysis of the sales data.
[BROKER-EMBEDDING] Top-1 (Threshold 0.3): ['Mathematical Analyst_Xo9F']
[BROKER] Predicted next task: Based on the previous agent's output, the most suitable downstream role is **Inspector_Ksqn**. This role involves verifying the logic and calculations presented by the Mathematical Analyst, ensuring the correctness of the analysis and solution process. The Inspector will provide a step-by-step breakdown of the reasoning and confirm the final result.
[BROKER-EMBEDDING] Top-1 (Threshold 0.3): ['Inspector_Ksqn']
[BROKER] Predicted next task: The most suitable downstream role is **Mathematical Analyst_Xo9F**. This role focuses on analyzing time-based problems involving linear rates of change, such as the candle's burn rate over a specified interval. It requires calculating the total hours the candle burns and multiplying this by the rate of melting to provide a final integer result.
[BROKER-EMBEDDING] Top-1 (Threshold 0.3): ['Mathematical Analyst_Xo9F']
[BROKER] Predicted next task: As the Inspector, I will verify the mathematical analysis provided by the Mathematical Analyst, ensuring the logic and calculations are correct. I will also check any corresponding code, if available, to confirm it aligns with the solution process. After analyzing the hints and calculations, I will present my own step-by-step reasoning and conclude with the final result, devoid of any units.
[BROKER-EMBEDDING] Top-1 (Threshold 0.3): ['Inspector_Ksqn']
[BROKER] Predicted next task: The most suitable downstream role for the current context is the **Mathematical Analyst_Xo9F**. This role involves determining the original price of a book based on its discounted price and discount percentage, utilizing the provided analysis to set up and solve the equation. The final result should be presented as a numerical value only, ensuring clarity and precision in the output.
[BROKER-EMBEDDING] Top-1 (Threshold 0.3): ['Mathematical Analyst_Xo9F']
[BROKER] Predicted next task: As an Inspector, I will evaluate the mathematical analysis provided by previous agents, ensuring the logic and calculations are accurate. I will verify the calculations for the total cost of items, remaining money, and the number of boxes of pizza ordered. My final output will summarize the findings and present the correct result without any units.
[BROKER-EMBEDDING] Top-1 (Threshold 0.3): ['Inspector_Ksqn']
[BROKER] Predicted next task: The most suitable downstream role for this scenario is **Mathematical Analyst_Xo9F**. This role focuses on solving budgeting and itemized cost problems by breaking down total expenditures, calculating remaining funds, and determining quantities based on those funds. It aligns perfectly with the previous agent's detailed calculations and requires presenting the final answer as a single number without any units.
[BROKER-EMBEDDING] Top-1 (Threshold 0.3): ['Math Solver_sopM']
[BROKER] Predicted next task: I am the Inspector. My role involves verifying the accuracy of the mathematical analysis and calculations provided by other agents. I will ensure that the logic is sound and that any corresponding code aligns with the solution analysis. I will also present a step-by-step breakdown of the problem-solving process based on the hints received, culminating in a final result stated without units.
[BROKER-EMBEDDING] Top-1 (Threshold 0.3): ['Inspector_Ksqn']
[BROKER] Predicted next task: The most suitable downstream role for this task is **Mathematical Analyst_Xo9F**. This role specializes in cost calculations, requiring clear identification of total costs for each clothing type and the overall expenditure. The agent will present calculations step-by-step and conclude with the final total cost as a single number, ensuring clarity and accuracy in the process.
[BROKER-EMBEDDING] Top-1 (Threshold 0.3): ['Mathematical Analyst_Xo9F']
[BROKER] Predicted next task: The most suitable downstream role for this scenario is **Inspector_Ksqn**. This role involves verifying the logic and calculations provided by the Mathematical Analyst regarding Cynthia's ice cream expenditure. The Inspector will ensure the analysis is correct and coherent, providing a step-by-step breakdown of the solution while confirming the accuracy of the final result.
[BROKER-EMBEDDING] Top-1 (Threshold 0.3): ['Inspector_Ksqn']
[BROKER] Predicted next task: The most suitable downstream role for this scenario is **Mathematical Analyst_Xo9F**. This role involves calculating the total cost of ice cream for Cynthia over a 60-day period by first determining her total servings, then calculating the number of cartons needed, and finally computing the total cost. The focus is on presenting the final answer as a single number without any units, which aligns perfectly with the completed calculations provided by the previous agent.
[BROKER-EMBEDDING] Top-1 (Threshold 0.3): ['Mathematical Analyst_Xo9F']
[BROKER] Predicted next task: As an Inspector, my role is to verify the correctness of the mathematical analysis and calculations provided by previous agents. I will assess the logic and ensure that the computations align with the problem-solving process. Additionally, I will provide my own step-by-step reasoning based on the hints given, ultimately delivering the final result concisely.
[BROKER-EMBEDDING] Top-1 (Threshold 0.3): ['Inspector_Ksqn']
[BROKER] Predicted next task: The most suitable downstream role is **Mathematical Analyst_Xo9F**. This role specializes in distance and travel problems, making it ideal for calculating the distance traveled between Henry's first and second stops in his bike trip scenario. The agent will identify the total distance and specific distances of each stop, ensuring the calculations are accurate and presented clearly in the final answer.
[BROKER-EMBEDDING] Top-1 (Threshold 0.3): ['Mathematical Analyst_Xo9F']
[BROKER] Predicted next task: As the Inspector, I will evaluate the mathematical analysis provided by the previous agent for accuracy and correctness. I will verify the calculations step by step and ensure that the logic aligns with the problem requirements. If there is any code involved, I will check its correspondence to the solution analysis. My final output will present the correct answer concisely, without additional commentary or units.
[BROKER-EMBEDDING] Top-1 (Threshold 0.3): ['Programming Expert_eCrm']
[BROKER] Predicted next task: The most suitable downstream role for the current task is **Mathematical Analyst_Xo9F**. This role specializes in word problems related to budgeting and comparisons, which aligns perfectly with the task of calculating the cost of the boots based on the provided information about the pairs of heels. The analyst will methodically identify the total cost of the heels and determine the final cost of the boots, ensuring a clear step-by-step presentation of the analysis.
[BROKER-EMBEDDING] Top-1 (Threshold 0.3): ['Mathematical Analyst_Xo9F']
[BROKER] Predicted next task: The most suitable downstream role for this scenario is **Inspector_Ksqn**. This role involves verifying the accuracy of the previous agent's mathematical analysis and calculations, ensuring the logic is sound. The Inspector will also provide a step-by-step solving process based on the hints provided, culminating in a final result. This ensures that the solution is not only correct but also clearly articulated.
[BROKER-EMBEDDING] Top-1 (Threshold 0.3): ['Inspector_Ksqn']
[BROKER] Predicted next task: The most suitable downstream role is **Mathematical Analyst_Xo9F**. This role involves solving a ratio problem related to ages by defining variables, setting up equations based on provided information, and calculating the final results step by step. The output will focus on presenting the final answer clearly and concisely.
[BROKER-EMBEDDING] Top-1 (Threshold 0.3): ['Math Solver_sopM']
[BROKER] Predicted next task: You are the Inspector. Your role involves verifying the logic and calculations provided by previous agents in solving a math problem. You will assess the accuracy of the analysis and ensure that any code corresponds correctly to the solution. Based on the hints and outputs from other agents, you will provide your own step-by-step reasoning and conclude with the final result, stated without any units.
[BROKER-EMBEDDING] Top-1 (Threshold 0.3): ['Inspector_Ksqn']
[BROKER] Predicted next task: The most suitable downstream role for this scenario is **Mathematical Analyst_Xo9F**. This role involves calculating the average guess of Gunter's friends by identifying individual guesses based on provided information, performing step-by-step calculations, and presenting the final average as a single number without any units. The analysis aligns perfectly with the task of verifying and summarizing the guesses made by the friends.
[BROKER-EMBEDDING] Top-1 (Threshold 0.3): ['Mathematical Analyst_Xo9F']
[BROKER] Predicted next task: The most suitable downstream role for the current task is **Inspector_Ksqn**. This role involves verifying the mathematical analysis and calculations provided by the previous agent, ensuring the logic is sound and correctly executed. The Inspector will also provide a step-by-step explanation of the reasoning process based on the hints given, concluding with the final result.
[BROKER-EMBEDDING] Top-1 (Threshold 0.3): ['Inspector_Ksqn']
[BROKER] Predicted next task: The most suitable downstream role for this scenario is **Mathematical Analyst_Xo9F**. This role focuses on calculating the total time John spends taking care of the dogs by first determining the daily time spent and then multiplying that by the number of days in a week. The analyst will present the final result as a single number, ensuring clarity and precision in the calculations.
[BROKER-EMBEDDING] Top-1 (Threshold 0.3): ['Mathematical Analyst_Xo9F']
[BROKER] Predicted next task: The most suitable downstream role is [Inspector_Ksqn]. This role involves verifying the mathematical analysis provided by the previous agent, ensuring the logic and calculations are correct, and producing a step-by-step solution based on the hints given. The final output will present the result clearly without any units, ensuring accuracy and clarity in the conclusion.
[BROKER-EMBEDDING] Top-1 (Threshold 0.3): ['Inspector_Ksqn']
[BROKER] Predicted next task: I am a mathematical analyst tasked with solving coin problems by defining variables, setting up equations, and solving them step by step. I present the final answer succinctly in a single line output without units.
[BROKER-EMBEDDING] Top-1 (Threshold 0.3): ['Mathematical Analyst_Xo9F']
[BROKER] Predicted next task: The most suitable downstream role is [Inspector_Ksqn]. This role involves verifying the correctness of the mathematical analysis and calculations provided by the previous agent. It requires checking the logical flow of the problem-solving process and ensuring that the final result aligns with the analysis. The output will summarize the verification process and present the final result concisely.
[BROKER-EMBEDDING] Top-1 (Threshold 0.3): ['Inspector_Ksqn']
[BROKER] Predicted next task: The most suitable downstream role is **Mathematical Analyst_Xo9F**. This role involves solving a specific problem related to the relationships between the number of jewels owned by Siobhan, Aaron, and Raymond. It requires defining variables, expressing relationships, substituting given values, and calculating the final result based on the provided information. The output must conclude with the final result stated without any units.
[BROKER-EMBEDDING] Top-1 (Threshold 0.3): ['Mathematical Analyst_Xo9F']
[BROKER] Predicted next task: The most suitable downstream role is [Inspector_Ksqn]. As an Inspector, I will verify the logic and calculations provided by the Mathematical Analyst regarding Mike's scoring. I'll ensure that the analysis is accurate and confirm that the final result aligns with the calculations. My output will include a step-by-step breakdown of the reasoning, culminating in the final answer.
[BROKER-EMBEDDING] Top-1 (Threshold 0.3): ['Inspector_Ksqn']
[BROKER] Predicted next task: The most suitable downstream role is **Mathematical Analyst_Xo9F**. This role focuses on systematically solving a specific mathematical problem, clearly identifying the points scored in each time period, calculating totals, and presenting the final result as a single number without units. Given the previous agent's thorough calculations and confirmations, this role aligns perfectly with the task at hand.
[BROKER-EMBEDDING] Top-1 (Threshold 0.3): ['Math Solver_sopM']
[BROKER] Predicted next task: As a Math Solver, you will analyze a given math problem using hints from previous agents. You'll provide a step-by-step solution process, ensuring clarity and logical progression. Your final output will present the answer succinctly, without any units. Alternatively, as a Programming Expert, you'll integrate analysis and code to solve the math problem using Python, defining functions and returning the result. Lastly, as an Inspector, you'll verify the correctness of the logic and calculations, ensuring the solution aligns with the provided analysis and code, concluding with the final result.
[BROKER-EMBEDDING] Top-1 (Threshold 0.3): ['Math Solver_sopM']
[BROKER] Predicted next task: As a Mathematical Analyst, your role is to calculate Terry's total expenditure on yogurt over 30 days. You will determine the total number of yogurts consumed, calculate the number of packs needed based on the sale rate, and compute the total cost. Present only the final result as a single number without any units.
[BROKER-EMBEDDING] Top-1 (Threshold 0.3): ['Mathematical Analyst_Xo9F']
[BROKER] Predicted next task: I am an Inspector. I will review the mathematical analysis provided by previous agents, ensuring the logic and calculations are correct. I will also verify any corresponding code if present and provide a step-by-step solving process based on the hints given. My final output will include only the result without any units.
[BROKER-EMBEDDING] Top-1 (Threshold 0.3): ['Inspector_Ksqn']
[BROKER] Predicted next task: The most suitable downstream role for this scenario is the **Mathematical Analyst_Xo9F**. This role involves analyzing the financial transactions related to John's toy sales and video game purchases step by step, ensuring the calculations are consistent and concluding with the final outcome of how many lego sets John still has. The focus is on logical reasoning and verification of the provided data.
[BROKER-EMBEDDING] Top-1 (Threshold 0.3): ['Mathematical Analyst_Xo9F']
[BROKER] Predicted next task: The most suitable downstream role for this scenario is **Inspector_Ksqn**. This role involves verifying the correctness of the mathematical analysis provided by the previous agent, ensuring that the calculations and logic are accurate. The Inspector will also offer a step-by-step solution based on the hints given, ultimately providing the final result without units.
[BROKER-EMBEDDING] Top-1 (Threshold 0.3): ['Inspector_Ksqn']
[BROKER] Predicted next task: The most suitable downstream role is **Mathematical Analyst_Xo9F**. This role specializes in solving running speed problems by analyzing provided information, calculating total running time and distance, and determining average speed with clear, step-by-step calculations. The final result is presented succinctly without units, ensuring clarity and precision in the analysis.
[BROKER-EMBEDDING] Top-1 (Threshold 0.3): ['Math Solver_sopM']
[BROKER] Predicted next task: The most suitable downstream role is **Inspector_Ksqn**. This role involves verifying the logic and calculations provided by the Mathematical Analyst, ensuring that the analysis and conclusions drawn about Dana's travel distances are accurate. The Inspector will also provide a step-by-step breakdown of the problem-solving process based on the hints given, culminating in the final result.
[BROKER-EMBEDDING] Top-1 (Threshold 0.3): ['Inspector_Ksqn']
[BROKER] Predicted next task: The most suitable downstream role for this scenario is **Mathematical Analyst_Xo9F**. This role focuses on analyzing Dana's travel scenario involving rates of speed and time management. It requires breaking down her walking, running, and skipping speeds, calculating the total distance covered in six hours, and ensuring accurate substitutions in calculations. The final output should only present the total distance without any units.
[BROKER-EMBEDDING] Top-1 (Threshold 0.3): ['Mathematical Analyst_Xo9F']
[BROKER] Predicted next task: The most suitable downstream role for this scenario is [Inspector_Ksqn]. As an Inspector, I will verify the logical consistency and correctness of the mathematical analysis provided by the previous agent. I will ensure that the calculations for the ages of Brandon's, Ben's, and Suzy's iPhones are accurate and align with the given information, and I will present my own step-by-step reasoning before concluding with the final result.
[BROKER-EMBEDDING] Top-1 (Threshold 0.3): ['Inspector_Ksqn']
[BROKER] Predicted next task: The most suitable downstream role is **Mathematical Analyst_Xo9F**. This role focuses on solving age-related problems by identifying relationships between the ages of individuals using algebraic expressions. It requires substituting given values into those expressions and calculating the final results step by step, presenting the answer as a single integer without any units.
[BROKER-EMBEDDING] Top-1 (Threshold 0.3): ['Mathematical Analyst_Xo9F']
[BROKER] Predicted next task: As a downstream agent, I will assume the role of [Math Solver_sopM]. I will analyze the math problem and hints provided by previous agents, applying my expertise to solve the problem step by step. My output will culminate in the final result, presented without any units, ensuring clarity and precision.
[BROKER-EMBEDDING] Top-1 (Threshold 0.3): ['Math Solver_sopM']
[BROKER] Predicted next task: The most suitable downstream role for this scenario is **Mathematical Analyst_Xo9F**. This role focuses on analyzing the distance and projectile motion problem presented, specifically calculating how far outside the dragon's flame reach Polly can stand while still being able to hit the dragon. The task involves presenting the final result as a numerical value only, which aligns perfectly with the requirements of this problem.
[BROKER-EMBEDDING] Top-1 (Threshold 0.3): ['Inspector_Ksqn']
[BROKER] Predicted next task: Based on the previous output from the Mathematical Analyst, the most suitable downstream role is **Inspector_Ksqn**. This role involves verifying the logic and calculations presented, ensuring accuracy in the analysis process, and confirming that the findings align with the solution derived. The Inspector will provide a step-by-step validation of the calculations and conclude with the final result, maintaining consistency with the previous analysis.
[BROKER-EMBEDDING] Top-1 (Threshold 0.3): ['Inspector_Ksqn']
[BROKER] Predicted next task: The most suitable downstream role for this scenario is **Mathematical Analyst_Xo9F**. This role specializes in word problems, requiring a clear step-by-step analysis of the situation involving Grandma Jones and her apple pies. The analyst will calculate the total number of pie pieces and determine how many were taken by the guests, presenting the findings clearly and concluding with the final result in a straightforward manner.
[BROKER-EMBEDDING] Top-1 (Threshold 0.3): ['Mathematical Analyst_Xo9F']
[BROKER] Predicted next task: The most suitable downstream role for this scenario is **Inspector_Ksqn**. This role involves verifying the logic and calculations provided by the previous agent, ensuring the analysis is correct, and confirming that the conclusions drawn align with the mathematical reasoning. The Inspector will carefully review the steps taken to arrive at the final result and provide a concise output based on the correctness of the analysis.
[BROKER-EMBEDDING] Top-1 (Threshold 0.3): ['Inspector_Ksqn']
[BROKER] Predicted next task: The most suitable downstream role is **Mathematical Analyst_Xo9F**. This role specializes in nutritional calculations, which aligns perfectly with the task of determining calorie intake, remaining calories, servings of chips, and converting those servings into grams. The agent will follow a structured approach to analyze the problem and provide a clear final result in grams, ensuring accuracy and relevance to the nutritional context.
[BROKER-EMBEDDING] Top-1 (Threshold 0.3): ['Mathematical Analyst_Xo9F']
[BROKER] Predicted next task: As an Inspector, I will verify the accuracy of the mathematical analysis and calculations provided by previous agents. I will ensure that the logic used to derive the net profit is sound and that any corresponding code, if present, aligns with the solution analysis. My focus will be on confirming the correctness of the problem-solving process step by step, ultimately providing the final result succinctly.
[BROKER-EMBEDDING] Top-1 (Threshold 0.3): ['Inspector_Ksqn']
[BROKER] Predicted next task: The most suitable downstream role for this scenario is **Mathematical Analyst_Xo9F**. This role specializes in profit calculations for small businesses, which aligns perfectly with the task of analyzing Charlie's beeswax candle business. The agent will identify total costs, calculate total revenue, and determine net profit, presenting the final answer as a single number without any units.
[BROKER-EMBEDDING] Top-1 (Threshold 0.3): ['Mathematical Analyst_Xo9F']
[BROKER] Predicted next task: You are an Inspector. You will evaluate the logic and calculations provided by previous agents regarding a math problem. You will verify the accuracy of their analysis and ensure that any corresponding code aligns with the solution. Your output will include a step-by-step explanation of the problem-solving process, concluding with the final result without any units.
[BROKER-EMBEDDING] Top-1 (Threshold 0.3): ['Inspector_Ksqn']
[BROKER] Predicted next task: The most suitable downstream role is **Mathematical Analyst_Xo9F**. This role focuses on calculating the total number of hours Meredith spent writing articles based on the provided information, detailing the article counts for each day and performing the final multiplication for total hours. The output will present only the total hours spent without any units, aligning with the requirements of the task.
[BROKER-EMBEDDING] Top-1 (Threshold 0.3): ['Mathematical Analyst_Xo9F']
[BROKER] Predicted next task: As a Math Solver, I will analyze the provided mathematical problem and the hints from previous agents to offer a step-by-step solution process. I will ensure clarity in each step and conclude with the final result, presented without any units. My focus will be on accurately solving the equation derived from the scenario involving Candice and her Post-it notes.
[BROKER-EMBEDDING] Top-1 (Threshold 0.3): ['Math Solver_sopM']
[BROKER] Predicted next task: As a Mathematical Analyst, your role is to define variables and formulate equations based on the given information about Candice's Post-it notes. You will solve the equation step by step and present the final result succinctly. Your focus is on clarity and accuracy in deriving the solution, ensuring that the mathematical reasoning is sound.
[BROKER-EMBEDDING] Top-1 (Threshold 0.3): ['Mathematical Analyst_Xo9F']
[BROKER] Predicted next task: As an Inspector, I will evaluate the mathematical analysis and calculations provided by previous agents, ensuring their logic is sound and verifying the accuracy of the solutions. I will also assess any accompanying code to confirm it aligns with the problem-solving process. My role involves a step-by-step examination of the reasoning and calculations, culminating in a concise final result without units.
[BROKER-EMBEDDING] Top-1 (Threshold 0.3): ['Inspector_Ksqn']
[BROKER] Predicted next task: The most suitable downstream role is **Mathematical Analyst_Xo9F**. This role involves defining variables for the number of blue and red ties, calculating their costs, and summing the total expenditures based on the provided analysis. The agent's task aligns perfectly with the existing calculations and requires a clear, step-by-step approach to arrive at the final result as a single number without any units.
[BROKER-EMBEDDING] Top-1 (Threshold 0.3): ['Mathematical Analyst_Xo9F']
[BROKER] Predicted next task: The most suitable downstream role for this scenario is **Math Solver_sopM**. This agent will build upon the previous agent's analysis, providing a step-by-step solving process for the math problem of converting feet to inches and determining the number of 6-inch pieces, ultimately delivering the final result succinctly.
[BROKER-EMBEDDING] Top-1 (Threshold 0.3): ['Math Solver_sopM']
[BROKER] Predicted next task: As the **Mathematical Analyst_Xo9F**, I will ensure the consistency of units by converting the total length of the wire from feet to inches. I will then calculate how many 6-inch pieces can be obtained, presenting each step clearly. The final output will be the total number of pieces obtained, stated without any units.
[BROKER-EMBEDDING] Top-1 (Threshold 0.3): ['Mathematical Analyst_Xo9F']
[BROKER] Predicted next task: The most suitable downstream role is [Inspector_Ksqn]. This role involves verifying the logic and calculations provided by previous agents, ensuring the accuracy of the analysis and any corresponding code. Given the mathematical analysis of occupied and unoccupied units, the Inspector will confirm the correctness of the calculations and provide a final result based on the hints received.
[BROKER-EMBEDDING] Top-1 (Threshold 0.3): ['Inspector_Ksqn']
[BROKER] Predicted next task: The most suitable downstream role is [Mathematical Analyst_Xo9F]. This role focuses on calculating the total number of unoccupied units in a building by following a structured process: determining the total units, calculating occupied units, and then finding unoccupied units through subtraction. The final result will be presented without any units, ensuring clarity and precision in the calculations.
[BROKER-EMBEDDING] Top-1 (Threshold 0.3): ['Mathematical Analyst_Xo9F']
[BROKER] Predicted next task: As an Inspector, I will evaluate the mathematical analysis provided by previous agents, ensuring the logic and calculations are accurate. I will verify the correctness of the solution process and any associated code, if present. My output will include a step-by-step reasoning based on the hints and conclude with the final result, presented without units.
[BROKER-EMBEDDING] Top-1 (Threshold 0.3): ['Inspector_Ksqn']
[BROKER] Predicted next task: The most suitable downstream role is **Mathematical Analyst_Xo9F**. This role focuses on calculating Lloyd's weekly earnings from egg sales by determining the total number of eggs produced per week, converting them into dozens, and calculating the total revenue based on the price per dozen. The output will present only the total weekly earnings as a numerical value without any units.
[BROKER-EMBEDDING] Top-1 (Threshold 0.3): ['Mathematical Analyst_Xo9F']
[BROKER] Predicted next task: You are the Inspector. Your role is to verify the correctness of the mathematical analysis and calculations provided by previous agents. You will assess the logic of the problem-solving process, ensuring that the calculations align with the analysis. Additionally, you will provide your own step-by-step solving process based on the hints given. Your final output will consist solely of the final result without any units.
[BROKER-EMBEDDING] Top-1 (Threshold 0.3): ['Inspector_Ksqn']
[BROKER] Predicted next task: The most suitable downstream role is [Mathematical Analyst_Xo9F]. This role focuses on solving time and distance problems through step-by-step calculations, which aligns perfectly with the current context of verifying the distance traveled and the time taken for the return journey. The agent will present calculations clearly and conclude with the final result of the time taken for the return journey, as specified.
[BROKER-EMBEDDING] Top-1 (Threshold 0.3): ['Mathematical Analyst_Xo9F']
[BROKER] Predicted next task: The most suitable downstream role for this scenario is the **Inspector_Ksqn**. This role involves verifying the correctness of the mathematical analysis and calculations provided by the previous agent. The Inspector will ensure that the logic is sound and that the final result aligns with the problem-solving process. The output will include a step-by-step explanation of the reasoning and conclude with the final answer, maintaining clarity and accuracy.
[BROKER-EMBEDDING] Top-1 (Threshold 0.3): ['Inspector_Ksqn']
[BROKER] Predicted next task: The most suitable downstream role is **Mathematical Analyst_Xo9F**. This role focuses on solving weight removal problems by defining variables, establishing equations, substituting known values, and providing a final result in a specified format. The previous agent's output aligns well with the analytical approach required to derive the solution systematically.
[BROKER-EMBEDDING] Top-1 (Threshold 0.3): ['Math Solver_sopM']
[BROKER] Predicted next task: Based on the previous agent's output, the most suitable downstream role is **Inspector_Ksqn**. This role involves verifying the logic and calculations provided by the Mathematical Analyst, ensuring the analysis is correct, and confirming that the conclusions drawn are accurate. The Inspector will also provide a step-by-step reasoning process before delivering the final result.
[BROKER-EMBEDDING] Top-1 (Threshold 0.3): ['Inspector_Ksqn']
[BROKER] Predicted next task: The most suitable downstream role for this task is **Mathematical Analyst_Xo9F**. This role specializes in revenue calculations, allowing for a step-by-step analysis of the mechanic's tire repair revenue for Thursday and Friday. It defines variables for the number of truck and car tires repaired, calculates total revenues for each day, and determines the revenue difference, outputting only the final result without any units.
[BROKER-EMBEDDING] Top-1 (Threshold 0.3): ['Mathematical Analyst_Xo9F']
[BROKER] Predicted next task: The most suitable downstream role is [Inspector_Ksqn]. This role involves verifying the mathematical analysis and calculations provided by the previous agent, ensuring the logic is sound and aligns with the final solution. The Inspector will also summarize the solving process step by step and present the final result clearly.
[BROKER-EMBEDDING] Top-1 (Threshold 0.3): ['Inspector_Ksqn']
[BROKER] Predicted next task: The most suitable downstream role is **Mathematical Analyst_Xo9F**. This role focuses on solving a specific kitten-related problem by defining variables for the number of adopted kittens, Patchy's kittens, and Trixie's kittens. It involves calculating the total number of kittens in the Doubtfire family and presenting the final result concisely.
[BROKER-EMBEDDING] Top-1 (Threshold 0.3): ['Mathematical Analyst_Xo9F']
[BROKER] Predicted next task: The most suitable downstream role for this task is the **Math Solver_sopM**. This role focuses on providing a step-by-step solving process for math problems based on hints and analyses from other agents, ultimately delivering a final result without additional commentary. The previous agent has already completed the analysis, making this role ideal for synthesizing the information into a clear solution.
[BROKER-EMBEDDING] Top-1 (Threshold 0.3): ['Math Solver_sopM']
[BROKER] Predicted next task: The most suitable downstream role is **Mathematical Analyst_Xo9F**. This role focuses on analyzing the lollipop distribution problem, detailing the steps taken to determine how many lollipops remain after Jean eats some and calculating how many bags can be filled with the remaining lollipops. The analyst will clearly present the calculations and conclude with the final result, which is solely the number of bags without any units.
[BROKER-EMBEDDING] Top-1 (Threshold 0.3): ['Mathematical Analyst_Xo9F']
[BROKER] Predicted next task: The most suitable downstream role is **Inspector_Ksqn**. As an Inspector, I will verify the logic and calculations provided by the Mathematical Analyst regarding Peter's movie-going scenario. I will ensure that the analysis and calculations are accurate, and provide a step-by-step breakdown of the reasoning process to confirm the final result.
[BROKER-EMBEDDING] Top-1 (Threshold 0.3): ['Inspector_Ksqn']
[BROKER] Predicted next task: Based on the previous agents' outputs, the most suitable downstream role is **Mathematical Analyst_Xo9F**. This role involves analyzing Peter's movie-going scenario by calculating the total cost for one outing and determining how many times he can afford to go to the movies with his budget. The analysis requires presenting calculations step by step, ensuring clarity and correctness, and concluding with the final result.
[BROKER-EMBEDDING] Top-1 (Threshold 0.3): ['Mathematical Analyst_Xo9F']
[BROKER] Predicted next task: As the Inspector, I will evaluate the analysis and calculations provided by the Mathematical Analyst regarding the weight limit problem. I will verify the correctness of the inequality setup, the arithmetic steps taken to solve for \( x \), and ensure that the final conclusion aligns with the calculations. Additionally, I will provide my own step-by-step reasoning to confirm the validity of the solution. Finally, I will present the result succinctly.
[BROKER-EMBEDDING] Top-1 (Threshold 0.3): ['Inspector_Ksqn']
[BROKER] Predicted next task: The most suitable downstream role is **Mathematical Analyst_Xo9F**. This role involves solving a weight distribution problem by defining variables, setting up inequalities, and performing calculations step by step to determine the maximum number of boxes that can be loaded onto a truck without exceeding a specified weight limit. The output will conclude with the final result, ensuring clarity and precision in the mathematical solution.
[BROKER-EMBEDDING] Top-1 (Threshold 0.3): ['Mathematical Analyst_Xo9F']
[BROKER] Predicted next task: The most suitable downstream role for this task is **Inspector_Ksqn**. This role involves verifying the calculations and logic provided by the Mathematical Analyst, ensuring that the final price of Stephen's groceries is accurate. The Inspector will analyze the steps taken, confirm their correctness, and provide a final result based on the analysis.
[BROKER-EMBEDDING] Top-1 (Threshold 0.3): ['Inspector_Ksqn']
[BROKER] Predicted next task: The most suitable downstream role is **Mathematical Analyst_Xo9F**. This role involves calculating the final price of Stephen's groceries by identifying the base price, applying the 25% fee, and adding the delivery fee and tip to arrive at the total. The focus is on presenting the final result as a single number without any units, which aligns perfectly with the output needed from the previous agent's calculations.
[BROKER-EMBEDDING] Top-1 (Threshold 0.3): ['Mathematical Analyst_Xo9F']
[BROKER] Predicted next task: The most suitable downstream role is **Inspector_Ksqn**. As an Inspector, I will verify the logic and calculations presented in the problem-solving analysis regarding the total number of raspberries. I will ensure that the calculations are accurate and consistent with the provided analysis, and I will outline the solving process step by step before presenting the final result.
[BROKER-EMBEDDING] Top-1 (Threshold 0.3): ['Inspector_Ksqn']
[BROKER] Predicted next task: The most suitable downstream role is **Mathematical Analyst_Xo9F**. This role involves solving a specific counting problem by calculating the total number of raspberries from the given data, clearly representing the variables and calculations step by step, and providing the final count in a concise format without units. This aligns well with the previous agent's output, which has already detailed the calculations.
[BROKER-EMBEDDING] Top-1 (Threshold 0.3): ['Mathematical Analyst_Xo9F']
[baseline] acc=0.967 (58/60) leak=0.45 prog_pubs=1 cost=$0.1471
[BROKER] Predicted next task: The single most important capability still missing is independent verification of the calculations regarding Janet's egg sales. The role best suited to provide this verification is the **Inspector_tsNr**. This role will re-derive the answer independently using a different method, ensuring accuracy and confirming the results obtained by the previous agents.
[BROKER-EMBEDDING] Top-1 (Threshold 0.3): ['Inspector_tsNr']
[BROKER] Predicted next task: The single most important capability still missing is the ability to perform exact numerical calculations to verify the revenue from egg sales. The best-suited downstream role for this task is the **Math Solver_S2ru**, as it specializes in solving math problems step by step and providing precise numerical results. This role will ensure that the calculations regarding egg production, consumption, and revenue are accurate and verifiable.
[BROKER-EMBEDDING] Top-1 (Threshold 0.3): ['Mathematical Analyst_48W6']
[BROKER] Predicted next task: The single most important capability still missing is independent verification of the total number of bolts required for the robe. The best-suited role to provide this verification is the Inspector_tsNr, as it will recompute the answer using a different method, ensuring the accuracy of the previous analysis. This role will independently derive the solution, allowing for confirmation or correction of the existing calculations.
[BROKER-EMBEDDING] Top-1 (Threshold 0.3): ['Inspector_tsNr']
[BROKER] Predicted next task: The most important capability still missing is independent verification of the calculations related to the material quantities. The best-suited role to provide this verification is the **Programming Expert_PgaZ**, as they can integrate the reasoning and calculations into Python code, ensuring accuracy through execution. This role will confirm the total number of bolts needed for the robe by implementing the calculations programmatically.
[BROKER-EMBEDDING] Top-1 (Threshold 0.3): ['Math Solver_S2ru']
[BROKER] Predicted next task: The single most important capability still missing is independent verification of the profit calculation. The best-suited role to provide this verification is the **Inspector_tsNr**. This role will recompute the profit using a different method to ensure accuracy and reliability in the final result, confirming whether the initial analysis is correct or if discrepancies exist.
[BROKER-EMBEDDING] Top-1 (Threshold 0.3): ['Inspector_tsNr']
[BROKER] Predicted next task: The most important capability still missing is the ability to perform exact calculations to verify the financial assessments made regarding the house flipping scenario. The role best suited to provide this verification is the **Math Solver_S2ru**, as it can solve the mathematical problems step by step based on the hints provided, ensuring accurate financial calculations for profit and value increases.
[BROKER-EMBEDDING] Top-1 (Threshold 0.3): ['Mathematical Analyst_48W6']
[BROKER] Predicted next task: The most important capability still missing is independent verification of the calculated total distance James runs in a week. The best-suited role to provide this verification is the **Inspector_tsNr**. This role will recompute the answer independently, ensuring accuracy and validating the previous agent's output without restating it.
[BROKER-EMBEDDING] Top-1 (Threshold 0.3): ['Inspector_tsNr']
[BROKER] Predicted next task: The single most important capability still missing is the ability to execute independent and exact verification of the calculations provided in the analysis. The best-suited role to provide this capability is the **Programming Expert_PgaZ**, as this role specializes in integrating step-by-step reasoning with Python code to solve math problems, ensuring accuracy through code execution.
[BROKER-EMBEDDING] Top-1 (Threshold 0.3): ['Mathematical Analyst_48W6']
[BROKER] Predicted next task: The single most important capability still missing is independent verification of the calculations performed by the Mathematical Analyst. The best-suited downstream role to provide this verification is the Inspector_tsNr. This role will re-derive the answer independently using a different method, ensuring accuracy and reliability in the final result.
[BROKER-EMBEDDING] Top-1 (Threshold 0.3): ['Inspector_tsNr']
[BROKER] Predicted next task: The single most important capability still missing is the ability to perform exact numerical verification of the feed distribution calculations. The best-suited downstream role to provide this verification is the **Math Solver_S2ru**, as it can systematically solve the calculations step-by-step based on the hints provided by the Inspector, ensuring accuracy in determining the amount of feed for the final meal.
[BROKER-EMBEDDING] Top-1 (Threshold 0.3): ['Mathematical Analyst_48W6']
[BROKER] Predicted next task: The single most important capability still missing is independent verification of the total cost calculation for Kylar's glasses. The best-suited role to provide this verification is the **Inspector_tsNr**. This role will recompute the total cost using a different method, ensuring the accuracy of the previous analysis and confirming the final result.
[BROKER-EMBEDDING] Top-1 (Threshold 0.3): ['Inspector_tsNr']
[BROKER] Predicted next task: The single most important capability still missing is the ability to execute code for verification of the calculations provided by the Inspector. The best-suited role to provide this capability is the **Programming Expert_PgaZ**, as they can integrate the reasoning and calculations into Python code to ensure the accuracy of the final cost calculation for Kylar's glasses.
[BROKER-EMBEDDING] Top-1 (Threshold 0.3): ['Math Solver_S2ru']
[BROKER] Predicted next task: The most important capability still missing is the independent verification of the calculations regarding the sheep counts. The role best suited to provide this verification is the **Inspector_tsNr**. This agent will recompute the sheep counts independently, ensuring accuracy and identifying any discrepancies from the previous analysis.
[BROKER-EMBEDDING] Top-1 (Threshold 0.3): ['Inspector_tsNr']
[BROKER] Predicted next task: The single most important capability missing is the execution of numerical calculations to verify the sheep counts derived from logical relationships. The best-suited role to provide this capability is the **Math Solver_S2ru**, as it specializes in solving math problems step by step based on hints and logical relationships established by previous agents. This role will ensure accurate numerical verification of the relationships between the sheep counts for Toulouse, Charleston, and Seattle.
[BROKER-EMBEDDING] Top-1 (Threshold 0.3): ['Mathematical Analyst_48W6']
[BROKER] Predicted next task: The single most important capability still missing is independent verification of the total download time calculation. The best-suited role to provide this verification is the **Inspector_tsNr**, as this role will recompute the answer using a different method, ensuring accuracy and identifying any discrepancies in the previous solution.
[BROKER-EMBEDDING] Top-1 (Threshold 0.3): ['Inspector_tsNr']
[BROKER] Predicted next task: The most important capability still missing is the ability to independently verify the calculations and analyze the impact of the forced interruption on download times. The role best suited to provide this verification is the **Mathematical Analyst_48W6**, as they specialize in time and resource optimization in digital processes, ensuring accurate recalculations and assessments of interruptions without assuming prior completion.
[BROKER-EMBEDDING] Top-1 (Threshold 0.3): ['Mathematical Analyst_48W6']
[BROKER] Predicted next task: The most important capability still missing is the execution of calculations to determine John's final distance from home. The role best suited to provide this is the **Math Solver_S2ru**, as it can take the mathematical analysis provided by the previous agent and perform the necessary step-by-step calculations to arrive at the final result. This role will ensure accuracy in solving the problem based on the outlined segments of John's journey.
[BROKER-EMBEDDING] Top-1 (Threshold 0.3): ['Math Solver_S2ru']
[BROKER] Predicted next task: The single most important capability still missing is independent verification of the calculations related to John's journey. The best-suited role to provide this is the **Inspector_tsNr**. This role can independently re-derive the answer using a different method, ensuring the accuracy of the results by recomputing each arithmetic step and providing a final answer without relying on previous outputs.
[BROKER-EMBEDDING] Top-1 (Threshold 0.3): ['Inspector_tsNr']
[BROKER] Predicted next task: The most important capability still missing is independent verification of Eliza's total earnings calculation. The best-suited downstream role to provide this verification is the **Inspector_tsNr**. This role will independently recompute Eliza's earnings using a different method to ensure accuracy and validate the previous agent's output.
[BROKER-EMBEDDING] Top-1 (Threshold 0.3): ['Inspector_tsNr']
[BROKER] Predicted next task: The single most important capability still missing is independent verification of the mathematical calculations related to Eliza's earnings. The best-suited role to provide this verification is the **Math Solver_S2ru**, as it specializes in solving math problems step by step based on provided hints and can ensure the accuracy of the calculations without ambiguity.
[BROKER-EMBEDDING] Top-1 (Threshold 0.3): ['Math Solver_S2ru']
[BROKER] Predicted next task: The missing capability is independent verification of the download calculations. The best-suited role to provide this is the **Inspector_tsNr**, as it will recompute the answer using a different method, ensuring accuracy and reliability of the results. This role will independently derive the total downloads over the three months, confirming or correcting the previous agent's findings.
[BROKER-EMBEDDING] Top-1 (Threshold 0.3): ['Inspector_tsNr']
[BROKER] Predicted next task: The single most important capability missing is precise numerical verification of the download metrics, particularly the calculations related to the 30% reduction in the third month. The best-suited downstream role to provide this verification is the **Math Solver_S2ru**, as it will perform the necessary calculations step by step, ensuring accuracy in the interpretation of the data and reinforcing the integrity of the analysis.
[BROKER-EMBEDDING] Top-1 (Threshold 0.3): ['Mathematical Analyst_48W6']
[BROKER] Predicted next task: The missing capability is the independent verification of the total cost calculations for the pastries. The role best suited to provide this is the **Inspector_tsNr**. This agent will recompute the total costs using a different method to ensure accuracy and validate the previous analysis.
[BROKER-EMBEDDING] Top-1 (Threshold 0.3): ['Inspector_tsNr']
[BROKER] Predicted next task: The single most important capability still missing is the execution of arithmetic calculations to determine the total costs of the pastries. The best-suited downstream role to provide this verification is the **Math Solver_S2ru**. This role can perform the necessary calculations step-by-step based on the provided quantities and costs, ensuring accuracy in the final total expenditure.
[BROKER-EMBEDDING] Top-1 (Threshold 0.3): ['Math Solver_S2ru']
[BROKER] Predicted next task: The single most important capability still missing is independent verification of the break-even analysis calculation. The best-suited role to provide this is the **Inspector_tsNr**. This role will independently re-derive the answer using a different method, ensuring accuracy and validating the previous agent's results.
[BROKER-EMBEDDING] Top-1 (Threshold 0.3): ['Inspector_tsNr']
[BROKER] Predicted next task: The single most important capability still missing is the verification of assumptions related to yield, market prices, and operational costs. The best-suited downstream role to provide this verification is the Mathematical Analyst_48W6. This role specializes in evaluating the economic viability of agricultural investments and can thoroughly analyze the cost-benefit dynamics, ensuring that all assumptions are validated against industry standards before proceeding with further calculations.
[BROKER-EMBEDDING] Top-1 (Threshold 0.3): ['Mathematical Analyst_48W6']
[BROKER] Predicted next task: The most important capability still missing is independent verification of the mathematical analysis provided by the previous agent. The best-suited role to provide this verification is the **Inspector_tsNr**. This role will recompute the answer independently using a different method, ensuring accuracy and identifying any discrepancies in the prior solution.
[BROKER-EMBEDDING] Top-1 (Threshold 0.3): ['Inspector_tsNr']
[BROKER] Predicted next task: The single most important capability still missing is the ability to execute calculations and provide a final numerical answer based on the established equation. The best-suited downstream role to provide this capability is the **Math Solver_S2ru**, as it specializes in solving mathematical problems step by step and can derive the final result from the given equation.
[BROKER-EMBEDDING] Top-1 (Threshold 0.3): ['Math Solver_S2ru']
[BROKER] Predicted next task: The single most important capability still missing is independent verification of the calculations provided by the Mathematical Analyst. The best-suited role to provide this verification is the **Inspector_tsNr**. This role will recompute the enrollment numbers using a different method, ensuring accuracy and identifying any discrepancies in the previous calculations, thus confirming the correctness of the final results.
[BROKER-EMBEDDING] Top-1 (Threshold 0.3): ['Inspector_tsNr']
[BROKER] Predicted next task: The most important missing capability is independent verification of the calculations and assumptions regarding student enrollment percentages. The role best suited to provide this is the **Mathematical Analyst_48W6**, as this agent specializes in assessing percentage distribution and ensuring clarity in logical flows related to enrollment decisions. This role will focus on verifying that all percentages are correctly derived from the appropriate base of remaining students after each enrollment step, addressing any potential discrepancies in the analysis.
[BROKER-EMBEDDING] Top-1 (Threshold 0.3): ['Mathematical Analyst_48W6']
[BROKER] Predicted next task: The most important capability still missing is independent verification of the financial analysis provided by the Mathematical Analyst. The best-suited downstream role to provide this verification is the Inspector_tsNr. This role can recompute the financial outcomes independently, ensuring accuracy and reliability of the conclusions drawn regarding the merchant's investment options.
[BROKER-EMBEDDING] Top-1 (Threshold 0.3): ['Inspector_tsNr']
[BROKER] Predicted next task: The missing capability is quantitative analysis to verify the financial implications of the investment options discussed. The role best suited to provide this verification is the **Math Solver_S2ru**, as it can analyze numerical data and calculations based on the qualitative insights provided by the previous agents. This will ensure that the merchant's decision is backed by solid mathematical reasoning and accurate financial projections.
[BROKER-EMBEDDING] Top-1 (Threshold 0.3): ['Mathematical Analyst_48W6']
[BROKER] Predicted next task: The most important missing capability is independent verification of the total distance calculation. The role best suited to provide this is the Inspector_tsNr, as it will recompute the answer using a different method, ensuring accuracy and consistency without restating the prior solution. This independent verification will confirm the correctness of the total distance covered by each train.
[BROKER-EMBEDDING] Top-1 (Threshold 0.3): ['Inspector_tsNr']
[BROKER] Predicted next task: The most important missing capability is the independent verification of the distance calculations through numerical computation. The role best suited to provide this is the **Math Solver_S2ru**, as it specializes in solving math problems step by step based on provided hints and can confirm the correctness of the distance calculations without relying on prior logical reasoning alone.
[BROKER-EMBEDDING] Top-1 (Threshold 0.3): ['Math Solver_S2ru']
[BROKER] Predicted next task: The single most important capability still missing is the actual calculation of Jill's annual salary based on the provided variables. The role best suited to provide this verification is the **Math Solver_S2ru**. This role can take the mathematical analysis and perform the step-by-step calculations to arrive at the final result, ensuring accuracy and correctness in the computations.
[BROKER-EMBEDDING] Top-1 (Threshold 0.3): ['Math Solver_S2ru']
[BROKER] Predicted next task: The single most important capability still missing is the execution of calculations to derive Jill's annual salary based on her roles. The best-suited downstream role to provide this capability is the **Programming Expert_PgaZ**, as this role can integrate the structured analysis into Python code, allowing for precise computation of the income from both teaching and coaching roles, ultimately yielding the total annual salary.
[BROKER-EMBEDDING] Top-1 (Threshold 0.3): ['Mathematical Analyst_48W6']
[BROKER] Predicted next task: The most important capability still missing is independent verification of the mathematical solution derived by the previous agent. The role best suited to provide this verification is the **Inspector_tsNr**. This role will independently re-derive the answer using a different method, ensuring accuracy and consistency in the calculations.
[BROKER-EMBEDDING] Top-1 (Threshold 0.3): ['Inspector_tsNr']
[BROKER] Predicted next task: The single most important capability still missing is the execution of calculations to provide the final numeric answer for the problem regarding egg consumption. The role best suited to provide this verification is **Math Solver_S2ru**, as it will perform the necessary calculations step by step based on the provided analysis and hints, ensuring accuracy in the final result.
[BROKER-EMBEDDING] Top-1 (Threshold 0.3): ['Math Solver_S2ru']
[BROKER] Predicted next task: The single most important capability still missing is independent verification of the calculations regarding Marissa's hike. The best-suited role to provide this verification is the **Inspector_tsNr**. This role will independently re-derive the answer using a different method, ensuring accuracy and validating the previous agent's conclusions.
[BROKER-EMBEDDING] Top-1 (Threshold 0.3): ['Inspector_tsNr']
[BROKER] Predicted next task: The single most important capability still missing is the ability to provide independent verification of the calculations related to Marissa's hiking scenario. The best-suited role for this task is the **Mathematical Analyst_48W6**, as it specializes in analyzing the relationships between distance, time, and speed while ensuring verification checks are performed on the total distance covered and the time allocated for each segment of the hike. This role will ensure the accuracy of the reasoning and calculations presented by the previous agents.
[BROKER-EMBEDDING] Top-1 (Threshold 0.3): ['Mathematical Analyst_48W6']
[BROKER] Predicted next task: The most important missing capability is independent verification of the calculations performed by the previous agent. The best-suited role to provide this verification is the **Inspector_tsNr**. This role will recompute the total water content using a different method to ensure accuracy and confirm the results derived by the Mathematical Analyst.
[BROKER-EMBEDDING] Top-1 (Threshold 0.3): ['Inspector_tsNr']
[BROKER] Predicted next task: The missing capability is independent verification of the calculations and results provided by the previous agent. The best-suited role to provide this is the **Mathematical Analyst_48W6**, as they specialize in analyzing fluid dynamics and mixture problems, ensuring the accuracy of the composition and calculations while accounting for spillage effects. This role can validate the relationships between components and confirm the correctness of the final water content in the remaining mixture.
[BROKER-EMBEDDING] Top-1 (Threshold 0.3): ['Mathematical Analyst_48W6']
[BROKER] Predicted next task: The single most important capability still missing is the exact verification of the calculation regarding how many years ago Raymond's son was born. The role best suited to provide this verification is the **Inspector_tsNr**, as it will independently re-derive the answer using a different method, ensuring accuracy and consistency without restating the previous solution.
[BROKER-EMBEDDING] Top-1 (Threshold 0.3): ['Inspector_tsNr']
[BROKER] Predicted next task: The most important capability still missing is the ability to perform exact calculations based on the established relationships and timelines. The best-suited role to provide this verification is the **Math Solver_S2ru**, as it specializes in solving math problems step by step based on hints provided by other agents, ensuring accurate final results.
[BROKER-EMBEDDING] Top-1 (Threshold 0.3): ['Math Solver_S2ru']
[BROKER] Predicted next task: The single most important capability still missing is independent verification of the total number of DVDs sold. The best-suited role to provide this verification is the Inspector_tsNr. This role will recompute the answer independently using a different method, ensuring accuracy and identifying any discrepancies in the previous calculations.
[BROKER-EMBEDDING] Top-1 (Threshold 0.3): ['Inspector_tsNr']
[BROKER] Predicted next task: The single most important capability still missing is the ability to perform independent verification of the sales analysis through calculations. The best-suited downstream role to provide this capability is the **Mathematical Analyst_48W6**. This role can verify the logical flow of customer interactions and sales patterns without performing calculations, ensuring clarity and accuracy in the analysis of purchasing behavior.
[BROKER-EMBEDDING] Top-1 (Threshold 0.3): ['Mathematical Analyst_48W6']
[BROKER] Predicted next task: The most important missing capability is independent verification of the calculated result. The best-suited role to provide this verification is the **Inspector_tsNr**. This role will re-derive the answer using a different method, ensuring accuracy and confirming whether the previous agent's conclusion of the candle being 8 centimeters shorter is correct.
[BROKER-EMBEDDING] Top-1 (Threshold 0.3): ['Inspector_tsNr']
[BROKER] Predicted next task: The single most important capability still missing is the execution and verification of the mathematical calculations regarding the candle's melting characteristics. The best-suited downstream role to provide this is the **Programming Expert_PgaZ**, as they can integrate the reasoning and analysis into Python code to compute the final result accurately, ensuring proper execution and verification of the calculations.
[BROKER-EMBEDDING] Top-1 (Threshold 0.3): ['Mathematical Analyst_48W6']
[BROKER] Predicted next task: The most important missing capability is independent verification of the solution derived by the Mathematical Analyst. The best-suited role to provide this verification is the Inspector_tsNr, as this agent will recompute the answer using a different method, ensuring accuracy and reliability of the final result. This role will independently derive the original price from the problem statement, confirming the correctness of the previous analysis.
[BROKER-EMBEDDING] Top-1 (Threshold 0.3): ['Inspector_tsNr']
[BROKER] Predicted next task: The most important capability still missing is the integration of independent verification through code execution. The role best suited to provide this is the **Programming Expert_PgaZ**, as this agent can take the established calculations and implement them in Python code to ensure accurate results through execution, thereby validating the mathematical reasoning provided by the previous agents.
[BROKER-EMBEDDING] Top-1 (Threshold 0.3): ['Math Solver_S2ru']
[BROKER] Predicted next task: The single most important capability still missing is the explicit calculation of how many boxes of pizza Marie ordered. The best-suited downstream role to provide this verification is the **Math Solver_S2ru**. This role can take the established mathematical relationships and perform the necessary calculations step by step to derive the final answer.
[BROKER-EMBEDDING] Top-1 (Threshold 0.3): ['Math Solver_S2ru']
[BROKER] Predicted next task: The single most important capability still missing is independent verification of the calculations related to Marie's order. The best-suited downstream role to provide this is the **Inspector_tsNr**. This role will re-derive the answer independently using a different method, ensuring the accuracy of the previous agent's calculations and confirming the final result.
[BROKER-EMBEDDING] Top-1 (Threshold 0.3): ['Inspector_tsNr']
[BROKER] Predicted next task: The missing capability is independent verification of the total expenditure calculation. The best-suited role to provide this is the **Inspector_tsNr**, as it can re-derive the answer using a different method, ensuring accuracy and reliability of the final result. This role will independently verify the calculations without restating previous outputs, thus confirming the correctness of the total expenditure.
[BROKER-EMBEDDING] Top-1 (Threshold 0.3): ['Inspector_tsNr']
[BROKER] Predicted next task: The most important capability still missing is independent verification of the calculations performed by the Inspector. The best-suited downstream role to provide this verification is the **Math Solver_S2ru**. This role specializes in solving math problems step by step and can confirm the accuracy of the computations related to the total costs for shorts, pants, and shoes, ensuring the final expenditure is correct.
[BROKER-EMBEDDING] Top-1 (Threshold 0.3): ['Mathematical Analyst_48W6']
[BROKER] Predicted next task: The single most important capability still missing is independent verification of the calculations regarding Cynthia's ice cream consumption, carton requirements, and total expenditure. The best-suited downstream role to provide this verification is the Inspector_tsNr. This role will independently re-derive the answer using a different method, ensuring accuracy and confirming the results provided by the previous agents.
[BROKER-EMBEDDING] Top-1 (Threshold 0.3): ['Inspector_tsNr']
[BROKER] Predicted next task: The single most important capability still missing is the execution of calculations to verify the total expenditure based on Cynthia's ice cream consumption. The role best suited to provide this is the **Math Solver_S2ru**, as it specializes in step-by-step problem-solving and can accurately compute the final result based on the provided data without needing additional context or assumptions.
[BROKER-EMBEDDING] Top-1 (Threshold 0.3): ['Math Solver_S2ru']
[BROKER] Predicted next task: The single most important capability still missing is independent verification of the calculations regarding Henry's bike trip. The best-suited downstream role to provide this verification is the **Inspector_tsNr**. This role will recompute the answer using a different method to ensure accuracy and confirm the correctness of the previous agent's solution.
[BROKER-EMBEDDING] Top-1 (Threshold 0.3): ['Inspector_tsNr']
[BROKER] Predicted next task: The single most important capability still missing is the ability to execute code for precise verification of calculations. The best-suited downstream role to provide this capability is the **Programming Expert_PgaZ**. This role can integrate the reasoning and calculations into Python code, allowing for exact execution and validation of the results derived from the analysis of Henry's bike trip.
[BROKER-EMBEDDING] Top-1 (Threshold 0.3): ['Mathematical Analyst_48W6']
[BROKER] Predicted next task: The single most important capability still missing is independent verification of the calculated cost of the boots. The best-suited downstream role to provide this verification is the **Inspector_tsNr**. This role will recompute the answer independently using a different method, ensuring accuracy and confirming the result without relying on the previous agent's reasoning.
[BROKER-EMBEDDING] Top-1 (Threshold 0.3): ['Inspector_tsNr']
[BROKER] Predicted next task: The single most important capability that is still missing is the ability to execute code for verification of the calculations provided by the previous agent. The best-suited downstream role to provide this capability is the **Programming Expert_PgaZ**, as it can integrate the reasoning and calculations into Python code, allowing for accurate execution and verification of the final result.
[BROKER-EMBEDDING] Top-1 (Threshold 0.3): ['Math Solver_S2ru']
[BROKER] Predicted next task: The most important missing capability is independent verification of the solution to ensure accuracy. The best-suited downstream role for this is the **Inspector_tsNr**. This role can independently re-derive the answer using a different method, ensuring that the calculations are correct and flagging any discrepancies with the previous agent's output.
[BROKER-EMBEDDING] Top-1 (Threshold 0.3): ['Inspector_tsNr']
[BROKER] Predicted next task: The most important missing capability is independent verification of the calculations and conclusions drawn from the problem-solving process. The best-suited downstream role to provide this verification is the **Programming Expert_PgaZ**. This role can implement the mathematical problem in code, ensuring that the calculations are correctly executed and can be independently verified through programming logic.
[BROKER-EMBEDDING] Top-1 (Threshold 0.3): ['Math Solver_S2ru']
[BROKER] Predicted next task: The most important capability still missing is independent verification of the average guess calculation. The role best suited to provide this is the **Inspector_tsNr**, as it will independently re-derive the average guess using a different method, ensuring accuracy and consistency with the previous analysis. This role will confirm the correctness of the calculations or highlight any discrepancies.
[BROKER-EMBEDDING] Top-1 (Threshold 0.3): ['Inspector_tsNr']
[BROKER] Predicted next task: The most important capability still missing is the ability to perform the final calculation of the average guess based on the derived values. The best-suited role to provide this verification is the **Math Solver_S2ru**, as it can handle the mathematical problem step by step and deliver the final result accurately.
[BROKER-EMBEDDING] Top-1 (Threshold 0.3): ['Math Solver_S2ru']
[BROKER] Predicted next task: The single most important capability still missing is independent verification of the calculations performed by the Mathematical Analyst. The best-suited downstream role to provide this verification is the **Inspector_tsNr**. This role will independently re-derive the answer using a different method, ensuring accuracy and validating the results without restating previous outputs.
[BROKER-EMBEDDING] Top-1 (Threshold 0.3): ['Inspector_tsNr']
[BROKER] Predicted next task: The most important capability still missing is independent verification through code execution. The best-suited role to provide this is the **Programming Expert_PgaZ**, as this agent can integrate the reasoning and calculations into a Python function that verifies the results programmatically, ensuring accuracy and reliability in the computations related to time management for John's dog care.
[BROKER-EMBEDDING] Top-1 (Threshold 0.3): ['Mathematical Analyst_48W6']
[BROKER] Predicted next task: The single most important capability still missing is independent verification of the mathematical solution derived by the previous agent. The best-suited role to provide this verification is the **Inspector_tsNr**. This role will re-derive the answer independently using a different method, ensuring the correctness of the solution and flagging any discrepancies if they arise.
[BROKER-EMBEDDING] Top-1 (Threshold 0.3): ['Inspector_tsNr']
[BROKER] Predicted next task: The single most important capability still missing is the execution of code to verify the mathematical solution derived by the previous agents. The best-suited downstream role to provide this capability is the **Programming Expert_PgaZ**, as this agent can integrate the analysis and write Python code to solve the problem, ensuring that the calculations are performed correctly and the final result is validated programmatically.
[BROKER-EMBEDDING] Top-1 (Threshold 0.3): ['Math Solver_S2ru']
[BROKER] Predicted next task: The missing capability is independent verification of the calculations provided by the Mathematical Analyst. The best-suited role to provide this verification is the Inspector_tsNr. This role will recompute the answer independently using a different method, ensuring the correctness of the results derived from the problem statement without relying on the previous agent's work.
[BROKER-EMBEDDING] Top-1 (Threshold 0.3): ['Inspector_tsNr']
[BROKER] Predicted next task: The single most important capability still missing is independent verification of the calculations and logical flow presented. The best-suited role to provide this verification is the **Programming Expert_PgaZ**, as they can integrate the reasoning and calculations into a Python function, allowing for exact execution and confirmation of the results derived by the previous agents. This will ensure accuracy and reliability in the final output.
[BROKER-EMBEDDING] Top-1 (Threshold 0.3): ['Math Solver_S2ru']
[BROKER] Predicted next task: The most important capability still missing is independent verification of the solution through exact computation. The best-suited downstream role to provide this is the **Inspector_tsNr**. This role will recompute the answer independently using a different method, ensuring accuracy and validating the previous agent's solution.
[BROKER-EMBEDDING] Top-1 (Threshold 0.3): ['Inspector_tsNr']
[BROKER] Predicted next task: The most important capability still missing is the ability to execute the calculations independently and verify the results through code. The role best suited to provide this verification is the **Programming Expert_PgaZ**, as it can integrate the mathematical analysis into a Python function, ensuring accurate computation and validation of the final score. This role will convert the reasoning and calculations into executable code, confirming the correctness of the derived answer.
[BROKER-EMBEDDING] Top-1 (Threshold 0.3): ['Mathematical Analyst_48W6']
[BROKER] Predicted next task: The single most important capability still missing is independent verification of the calculations provided by the Mathematical Analyst. The best-suited role to provide this verification is the Inspector_tsNr. This role will recompute the arithmetic steps independently to confirm the accuracy of the final result, ensuring reliability and correctness in the solution.
[BROKER-EMBEDDING] Top-1 (Threshold 0.3): ['Inspector_tsNr']
[BROKER] Predicted next task: The single most important capability missing is the ability to perform exact verification of the calculations related to Terry's yogurt consumption and expenditure. The best-suited role to provide this verification is the **Programming Expert_PgaZ**, as this agent can integrate step-by-step reasoning and Python code to solve the math problems, ensuring accuracy in the computations and providing a definitive final result.
[BROKER-EMBEDDING] Top-1 (Threshold 0.3): ['Math Solver_S2ru']
[BROKER] Predicted next task: The most important capability still missing is independent verification of the calculations performed by the Mathematical Analyst. The best-suited role to provide this verification is the Inspector_tsNr. This role will re-derive the answer using a different method, ensuring the accuracy of the solution and confirming whether the previous result is correct.
[BROKER-EMBEDDING] Top-1 (Threshold 0.3): ['Inspector_tsNr']
[BROKER] Predicted next task: The single most important capability still missing is the execution of precise calculations and verification through code. The best-suited downstream role to provide this capability is the **Programming Expert_PgaZ**. This role can integrate the mathematical analysis and provide a Python implementation to solve the problem, ensuring accurate and executable verification of the calculations regarding John's transactions.
[BROKER-EMBEDDING] Top-1 (Threshold 0.3): ['Programming Expert_PgaZ']
[BROKER] Predicted next task: The single most important capability still missing is independent verification of the calculated speed. The best-suited role to provide this is the **Inspector_tsNr**. This role will independently re-derive the answer using a different method, ensuring the accuracy and reliability of the result without relying on the previous agent's computations.
[BROKER-EMBEDDING] Top-1 (Threshold 0.3): ['Inspector_tsNr']
[BROKER] Predicted next task: The single most important capability still missing is the execution of code to verify the calculations and confirm the results programmatically. The best-suited role for this is the **Programming Expert_PgaZ**, as this role can integrate the reasoning and calculations into Python code, allowing for precise verification of the speed and time relations through code execution.
[BROKER-EMBEDDING] Top-1 (Threshold 0.3): ['Mathematical Analyst_48W6']
[BROKER] Predicted next task: The single most important capability still missing is independent verification of the calculated total distance traveled by Dana. The best-suited downstream role for this task is the **Inspector_tsNr**, as it will recompute the answer using a different method, ensuring the accuracy of the previous calculations without restating them. This independent verification will confirm whether the total distance of 18 miles is indeed correct.
[BROKER-EMBEDDING] Top-1 (Threshold 0.3): ['Inspector_tsNr']
[BROKER] Predicted next task: The single most important capability still missing is the ability to independently verify the calculations through code execution. The best-suited downstream role for this is the Programming Expert_PgaZ, as this role can integrate the mathematical analysis provided by the previous agents and implement it in Python code to ensure accurate and verifiable results for the distance calculations.
[BROKER-EMBEDDING] Top-1 (Threshold 0.3): ['Math Solver_S2ru']
[BROKER] Predicted next task: The most important missing capability is independent verification of the derived ages of the iPhones. The role best suited to provide this verification is the Inspector_tsNr. This role will recompute the problem independently using a different method to ensure accuracy and confirm the correctness of the previous agent's findings.
[BROKER-EMBEDDING] Top-1 (Threshold 0.3): ['Inspector_tsNr']
[BROKER] Predicted next task: The single most important capability still missing is the execution of calculations to provide exact verification of the derived ages. The best-suited downstream role to provide this is the **Programming Expert_PgaZ**, as they can integrate the reasoning and relationships established by previous agents into a Python function that computes the final results programmatically. This will ensure accuracy and allow for independent verification of the conclusions drawn regarding the ages of the iPhones.
[BROKER-EMBEDDING] Top-1 (Threshold 0.3): ['Mathematical Analyst_48W6']
[BROKER] Predicted next task: The most important capability still missing is independent verification of the calculations related to Polly's throwing distance and the safe distance from the dragon. The best-suited role to provide this verification is the **Inspector_tsNr**. This role will independently re-derive the answer through a different method, ensuring accuracy and confirming the results obtained by the Mathematical Analyst.
[BROKER-EMBEDDING] Top-1 (Threshold 0.3): ['Inspector_tsNr']
[BROKER] Predicted next task: The single most important capability still missing is the ability to perform independent verification of the relationships and calculations regarding distances and projectile motion. The best-suited role to provide this capability is the **Math Solver_S2ru**, as it specializes in solving math problems step by step based on hints and can ensure accurate outcomes through calculations, thereby validating the analysis provided by the previous agents.
[BROKER-EMBEDDING] Top-1 (Threshold 0.3): ['Math Solver_S2ru']
[BROKER] Predicted next task: The most important missing capability is independent verification of the solution through exact computation. The best-suited role to provide this is the **Inspector_tsNr**. This role will independently re-derive the answer from the original problem using a different method, ensuring accuracy and validating the previous calculations.
[BROKER-EMBEDDING] Top-1 (Threshold 0.3): ['Inspector_tsNr']
[BROKER] Predicted next task: The single most important capability still missing is the ability to independently verify the calculations using code execution. The best-suited downstream role for this is the **Programming Expert_PgaZ**, as this role can integrate the mathematical reasoning provided and implement it in Python code to ensure accurate computation and verification of the results.
[BROKER-EMBEDDING] Top-1 (Threshold 0.3): ['Math Solver_S2ru']
[BROKER] Predicted next task: The single most important capability still missing is the exact verification of the calculations performed by the Mathematical Analyst. The role best suited to provide this verification is the **Inspector_tsNr**, as it can independently re-derive the answer using a different method, ensuring accuracy and reliability of the result.
[BROKER-EMBEDDING] Top-1 (Threshold 0.3): ['Inspector_tsNr']
[BROKER] Predicted next task: The most important capability still missing is the ability to execute precise calculations and provide a definitive answer. The best-suited downstream role for this task is the **Programming Expert_PgaZ**, as it can integrate the analysis provided by previous agents into a Python function to compute the exact weight of the chips that can be consumed based on the remaining caloric allowance. This role will ensure the calculations are executed accurately and can be verified programmatically.
[BROKER-EMBEDDING] Top-1 (Threshold 0.3): ['Mathematical Analyst_48W6']
[BROKER] Predicted next task: The most important capability still missing is the execution of the calculations to determine Charlie's net profit. The best-suited downstream role to provide this verification is the **Math Solver_S2ru**, as it will perform the necessary arithmetic step-by-step based on the analysis provided by the previous agent and deliver the final result.
[BROKER-EMBEDDING] Top-1 (Threshold 0.3): ['Math Solver_S2ru']
[BROKER] Predicted next task: The single most important capability still missing is independent verification of the profit calculations and assumptions made regarding costs and revenue. The best-suited role to provide this is the **Inspector_tsNr**. This role will independently re-derive the profit calculations using a different method, ensuring accuracy and validating the findings of the previous agent without restating their solution.
[BROKER-EMBEDDING] Top-1 (Threshold 0.3): ['Inspector_tsNr']
[BROKER] Predicted next task: The most important capability still missing is independent verification of the calculations performed by the Mathematical Analyst. The best-suited role to provide this verification is the Inspector_tsNr. This role will recompute the total articles and time spent using a different method, ensuring accuracy and consistency in the final result.
[BROKER-EMBEDDING] Top-1 (Threshold 0.3): ['Inspector_tsNr']
[BROKER] Predicted next task: The single most important capability still missing is the ability to execute code for exact verification of the calculations made in the analysis. The best-suited role to provide this capability is the **Programming Expert_PgaZ**, as they can integrate the reasoning and calculations into Python code, ensuring precise execution and validation of the total hours calculated for Meredith's writing tasks.
[BROKER-EMBEDDING] Top-1 (Threshold 0.3): ['Mathematical Analyst_48W6']
[BROKER] Predicted next task: The single most important capability still missing is independent verification of the mathematical analysis provided by the previous agent. The best-suited role to provide this verification is the **Inspector_tsNr**. This role will recompute the answer using a different method, ensuring the accuracy of the solution by independently deriving the result from the original problem.
[BROKER-EMBEDDING] Top-1 (Threshold 0.3): ['Inspector_tsNr']
[BROKER] Predicted next task: The single most important capability still missing is the ability to perform exact calculations based on the established mathematical relationships. The role best suited to provide this capability is the **Math Solver_S2ru**. This agent specializes in solving math problems step by step, ensuring accurate computations based on the hints and analysis provided by previous agents.
[BROKER-EMBEDDING] Top-1 (Threshold 0.3): ['Math Solver_S2ru']
[BROKER] Predicted next task: The most important capability still missing is independent verification of the calculations regarding the number of ties and total expenditure. The best-suited role to provide this verification is the **Inspector_tsNr**. This role will recompute the answer independently using a different method, ensuring accuracy and identifying any discrepancies with previous outputs.
[BROKER-EMBEDDING] Top-1 (Threshold 0.3): ['Inspector_tsNr']
[BROKER] Predicted next task: The most important capability still missing is the execution of precise numerical calculations to determine John's total expenditure on ties. The best-suited downstream role to provide this verification is the **Math Solver_S2ru**. This role will utilize the structured analysis provided by previous agents to perform step-by-step calculations and deliver the final numerical result required to complete the task.
[BROKER-EMBEDDING] Top-1 (Threshold 0.3): ['Math Solver_S2ru']
[BROKER] Predicted next task: The most important capability still missing is independent verification of the calculations regarding the number of pieces of wire Tracy can cut. The best-suited downstream role for this task is the **Inspector_tsNr**, as it can independently re-derive the answer using a different method, ensuring accuracy and validating the previous agent's output. This role will provide a fresh perspective and confirm the correctness of the calculations.
[BROKER-EMBEDDING] Top-1 (Threshold 0.3): ['Inspector_tsNr']
[BROKER] Predicted next task: The single most important capability still missing is the independent verification of the calculations through code execution. The best-suited role to provide this is the **Programming Expert_PgaZ**, as this role can take the outlined mathematical reasoning and implement it in Python code to compute the final result accurately and programmatically.
[BROKER-EMBEDDING] Top-1 (Threshold 0.3): ['Programming Expert_PgaZ']
[BROKER] Predicted next task: The missing capability is independent verification of the calculations regarding the total number of units and the occupancy rate in Richard's apartment building. The best-suited downstream role to provide this verification is the **Inspector_tsNr**. This role will independently re-derive the answer using a different method, ensuring accuracy and confirming the results obtained by the previous agents.
[BROKER-EMBEDDING] Top-1 (Threshold 0.3): ['Inspector_tsNr']
[BROKER] Predicted next task: The missing capability is independent verification of the calculations performed regarding the total units and unoccupied units in the building. The best-suited downstream role to provide this verification is the **Programming Expert_PgaZ**, as they can implement the calculations in Python code, ensuring accuracy and reproducibility through code execution. This role will enhance the reliability of the results by translating the reasoning into a functional programmatic approach.
[BROKER-EMBEDDING] Top-1 (Threshold 0.3): ['Mathematical Analyst_48W6']
[BROKER] Predicted next task: The single most important capability still missing is independent verification of the calculations provided by the Mathematical Analyst. The best-suited role to provide this verification is the Inspector_tsNr. This role will recompute the solution using a different method, ensuring accuracy and confirming the final result without relying on the previous agent's work.
[BROKER-EMBEDDING] Top-1 (Threshold 0.3): ['Inspector_tsNr']
[BROKER] Predicted next task: The single most important capability still missing is independent verification of the arithmetic calculations and assumptions made in the revenue analysis. The best-suited role to provide this is the **Mathematical Analyst_48W6**, as they specialize in ensuring that all calculations adhere to economic principles and can verify the logical flow of the revenue analysis without performing numeric computations. This role can clarify the assumptions and limitations highlighted by the previous agents, enhancing the robustness of the analysis.
[BROKER-EMBEDDING] Top-1 (Threshold 0.3): ['Mathematical Analyst_48W6']
[BROKER] Predicted next task: The single most important capability still missing is independent verification of the calculations performed. The best-suited role to provide this verification is the **Inspector_tsNr**. This role will recompute the answer using a different method, ensuring accuracy and validating the previous calculations without restating them. This approach enhances the reliability of the solution by confirming its correctness through an independent process.
[BROKER-EMBEDDING] Top-1 (Threshold 0.3): ['Inspector_tsNr']
[BROKER] Predicted next task: The single most important capability still missing is independent verification of the calculations and logical consistency regarding the time management of Tom's journey. The role best suited to provide this verification is the **Mathematical Analyst_48W6**, as it specializes in critically examining relationships between distance, speed, and time, while ensuring clarity in variable representation and assessing the implications of varying speeds on travel duration.
[BROKER-EMBEDDING] Top-1 (Threshold 0.3): ['Mathematical Analyst_48W6']
[BROKER] Predicted next task: The single most important capability still missing is the ability to perform independent calculations to verify the mathematical reasoning provided by the Mathematical Analyst. The best-suited downstream role for this task is the **Math Solver_S2ru**, as it will take the established relationships and perform the necessary calculations to determine the exact number of toys Uriah needs to remove, ensuring accuracy and validating the previous analysis.
[BROKER-EMBEDDING] Top-1 (Threshold 0.3): ['Inspector_tsNr']
[BROKER] Predicted next task: The single most important capability still missing is the ability to perform exact numerical calculations to determine the number of toys Uriah needs to remove to achieve the remaining weight reduction of 7.5 pounds. The best-suited downstream role to provide this verification is the **Math Solver_S2ru**, as it specializes in solving mathematical problems step by step and can deliver the final numerical result needed to complete the task.
[BROKER-EMBEDDING] Top-1 (Threshold 0.3): ['Math Solver_S2ru']
[BROKER] Predicted next task: The most important capability still missing is independent verification of the revenue calculations. The role best suited to provide this verification is the **Inspector_tsNr**. This role will independently re-derive the revenue for each day using a different method, ensuring accuracy and consistency with the original problem. This will confirm the correctness of the previous analysis and provide a reliable final result.
[BROKER-EMBEDDING] Top-1 (Threshold 0.3): ['Inspector_tsNr']
[BROKER] Predicted next task: The single most important capability still missing is the ability to perform numerical calculations and verify the revenue figures derived from the provided data. The best-suited role to provide this capability is the **Math Solver_S2ru**, as it specializes in solving math problems step by step based on hints from other agents, ensuring accurate calculations for the revenue analysis.
[BROKER-EMBEDDING] Top-1 (Threshold 0.3): ['Mathematical Analyst_48W6']
[BROKER] Predicted next task: The most important missing capability is independent verification of the total number of kittens calculated by the Mathematical Analyst. The role best suited to provide this verification is the Inspector_tsNr, as it will independently re-derive the answer using a different method, ensuring accuracy and consistency in the final result.
[BROKER-EMBEDDING] Top-1 (Threshold 0.3): ['Inspector_tsNr']
[BROKER] Predicted next task: The single most important capability still missing is the ability to perform independent and exact verification of the calculations regarding the total number of kittens. The best-suited downstream role to provide this capability is the **Programming Expert_PgaZ**, as this role can integrate the logical reasoning provided by the Inspector and execute the necessary calculations through Python code, ensuring accuracy in the final result.
[BROKER-EMBEDDING] Top-1 (Threshold 0.3): ['Mathematical Analyst_48W6']
[BROKER] Predicted next task: The most important capability still missing is independent verification of the calculations performed by the Mathematical Analyst. The best-suited role to provide this verification is the Inspector_tsNr. This role will recompute the answer independently using a different method, ensuring accuracy and validating the previous calculations without restating or paraphrasing them.
[BROKER-EMBEDDING] Top-1 (Threshold 0.3): ['Inspector_tsNr']
[BROKER] Predicted next task: The single most important capability still missing is the execution of precise calculations to determine the final number of bags filled with lollipops. The role best suited to provide this verification is the **Math Solver_S2ru**, as it can perform the necessary calculations step by step based on the analysis provided by the previous agents and deliver the final numeric result.
[BROKER-EMBEDDING] Top-1 (Threshold 0.3): ['Math Solver_S2ru']
[BROKER] Predicted next task: The single most important capability still missing is independent verification of the mathematical analysis provided. The best-suited role to provide this is the Inspector_tsNr. This role will recompute the answer using a different method and ensure the correctness of the previous agent's solution by independently verifying the arithmetic steps.
[BROKER-EMBEDDING] Top-1 (Threshold 0.3): ['Inspector_tsNr']
[BROKER] Predicted next task: The most important capability still missing is the exact numerical outcome of how many movie outings Peter can afford based on his budget. The role best suited to provide this verification is the **Math Solver_S2ru**, as it will perform the necessary calculations step by step based on the hints provided, ensuring an accurate final result.
[BROKER-EMBEDDING] Top-1 (Threshold 0.3): ['Math Solver_S2ru']
[BROKER] Predicted next task: The single most important capability still missing is the independent verification of the weight capacity calculations. The role best suited to provide this verification is the Inspector_tsNr, as it will recompute the necessary arithmetic steps independently and ensure the accuracy of the previous agent's analysis. This will confirm the correct maximum allowable weight for the boxes and the total weight limit compliance.
[BROKER-EMBEDDING] Top-1 (Threshold 0.3): ['Inspector_tsNr']
[BROKER] Predicted next task: The single most important capability still missing is independent verification of the calculations performed by the Inspector. The best-suited role to provide this verification is the **Programming Expert_PgaZ**, as they can implement the calculations in Python code, ensuring accuracy and reproducibility of the results. This role will help confirm that the maximum number of boxes that can be loaded onto the truck does not exceed the bridge's weight limit through executable code.
[BROKER-EMBEDDING] Top-1 (Threshold 0.3): ['Mathematical Analyst_48W6']
[BROKER] Predicted next task: The missing capability is independent verification of the final price calculation. The best-suited role for this is the **Inspector_tsNr**, as it can re-derive the answer using a different method and verify the correctness of the previous agent's calculations. This ensures accuracy and provides a reliable confirmation of the final result.
[BROKER-EMBEDDING] Top-1 (Threshold 0.3): ['Inspector_tsNr']
[BROKER] Predicted next task: The most important missing capability is independent verification of the calculations to ensure accuracy. The best-suited downstream role for this task is the **Mathematical Analyst_48W6**, as they specialize in analyzing financial transactions and fee structures. This role can confirm the correct application of percentage calculations and the addition of fixed fees, providing clarity and assurance in the final price determination.
[BROKER-EMBEDDING] Top-1 (Threshold 0.3): ['Mathematical Analyst_48W6']
[BROKER] Predicted next task: The missing capability is independent verification of the mathematical solution. The best-suited role to provide this is the **Inspector_tsNr**. This role will recompute the total number of raspberries using a different method, ensuring accuracy and validating the previous agent's output. This independent verification will confirm whether the calculated total of 187 raspberries is correct.
[BROKER-EMBEDDING] Top-1 (Threshold 0.3): ['Inspector_tsNr']
[BROKER] Predicted next task: The single most important capability still missing is the ability to perform exact calculations based on the provided data. The best-suited downstream role to provide this capability is the **Math Solver_S2ru**, as it will take the categorized information about the clusters and individual fruit and execute the necessary calculations step by step to derive the total count of raspberries.
[BROKER-EMBEDDING] Top-1 (Threshold 0.3): ['Mathematical Analyst_48W6']
[improved] acc=0.883 (53/60) leak=0.00 prog_pubs=2 cost=$0.1733

==================== A/B SUMMARY ====================
metric                    baseline      improved      
accuracy                  0.967         0.883         
refine solution-leak      0.45          0.00          
Programming Expert pubs   1             2             
cost ($)                  0.1471        0.1733        

improved fixed 1 baseline-failures [43]; newly broke 6 [8, 12, 17, 27, 44, 47]
