/home/tiger/miniconda3/envs/raps/lib/python3.12/site-packages/class_registry/entry_points.py:7: UserWarning: pkg_resources is deprecated as an API. See https://setuptools.pypa.io/en/latest/pkg_resources.html. The pkg_resources package is slated for removal as early as 2025-11-30. Refrain from using this package or pin to Setuptools<81.
  from pkg_resources import iter_entry_points
A/B prompts on GSM8K | 80 questions | top_k=1 max_steps=3
[BROKER] Predicted next task: The most suitable downstream role is **Inspector_SSVv**. This role involves verifying the logic and calculations provided by previous agents, ensuring the analysis is correct, and confirming that any code aligns with the solution. The Inspector will follow a step-by-step reasoning process based on the hints given, ultimately providing a final result without any units.
[BROKER-EMBEDDING] Top-1 (Threshold 0.3): ['Inspector_SSVv']
[BROKER] Predicted next task: The most suitable downstream role is **Mathematical Analyst_CLMo**. This role involves solving a real-world problem related to daily egg production and sales by calculating the total number of eggs after personal use, determining the quantity sold at the farmers' market, and calculating daily earnings based on the selling price. The analyst will present the calculations step by step and conclude with the total earnings in dollars.
[BROKER-EMBEDDING] Top-1 (Threshold 0.3): ['Mathematical Analyst_CLMo']
[BROKER] Predicted next task: The most suitable downstream role is [Inspector_SSVv]. This role involves verifying the logic and calculations provided by the Mathematical Analyst, ensuring the analysis is correct, and confirming that the final result aligns with the problem-solving process. The Inspector will also provide a step-by-step explanation based on the hints given, culminating in a concise final result.
[BROKER-EMBEDDING] Top-1 (Threshold 0.3): ['Inspector_SSVv']
[BROKER] Predicted next task: The most suitable downstream role is **Mathematical Analyst_CLMo**. This role focuses on solving mathematical problems by identifying variables, performing calculations, and presenting the final result clearly. Given the previous agent's detailed calculations, the Mathematical Analyst can succinctly summarize the findings and provide the final answer as a single number without any units.
[BROKER-EMBEDDING] Top-1 (Threshold 0.3): ['Math Solver_eXpt']
[BROKER] Predicted next task: As an Inspector, I will verify the accuracy of the mathematical analysis and calculations provided by previous agents regarding Josh's profit from flipping the house. I will ensure that the logic is sound and that the calculations align with the problem-solving process. Finally, I will present the final profit amount based on the validated analysis.
[BROKER-EMBEDDING] Top-1 (Threshold 0.3): ['Inspector_SSVv']
[BROKER] Predicted next task: The most suitable downstream role is **Mathematical Analyst_CLMo**. This role specializes in real estate profit calculations, ensuring a clear understanding of total investment, increased value, and profit determination. The agent will follow a structured approach to confirm the calculations and present the final profit amount as a single number without any units.
[BROKER-EMBEDDING] Top-1 (Threshold 0.3): ['Mathematical Analyst_CLMo']
[BROKER] Predicted next task: The most suitable downstream role is [Inspector_SSVv]. This role involves verifying the logic and calculations provided by the Mathematical Analyst, ensuring the analysis is correct, and confirming that the final result aligns with the calculations. The Inspector will also provide a step-by-step solving process based on the hints given, culminating in a concise final answer.
[BROKER-EMBEDDING] Top-1 (Threshold 0.3): ['Inspector_SSVv']
[BROKER] Predicted next task: The most suitable downstream role is **Mathematical Analyst_CLMo**. This role focuses on calculating the total distance James runs in a week based on his sprinting routine, clearly identifying the variables and using the appropriate formula to compute the total distance. The final result is presented as a single number without any units, ensuring clarity and precision in the output.
[BROKER-EMBEDDING] Top-1 (Threshold 0.3): ['Mathematical Analyst_CLMo']
[BROKER] Predicted next task: As an Inspector_SSVv, I will evaluate the mathematical analysis provided by previous agents, ensuring the logic and calculations are accurate. I will verify the correctness of the problem-solving process and, if applicable, assess the corresponding code. My final output will summarize the findings and present the final result succinctly, without any units.
[BROKER-EMBEDDING] Top-1 (Threshold 0.3): ['Inspector_SSVv']
[BROKER] Predicted next task: The most suitable downstream role is **Mathematical Analyst_CLMo**. This role is specifically designed to solve feeding problems for Wendi's chickens by calculating the total feed needed, summing the feed already given, and determining the amount required for the final meal. The role emphasizes a structured approach to problem-solving and presents the final result as a single number without units, aligning perfectly with the previous analysis provided by the Inspector.
[BROKER-EMBEDDING] Top-1 (Threshold 0.3): ['Mathematical Analyst_CLMo']
[BROKER] Predicted next task: The most suitable downstream role for this scenario is **Inspector_SSVv**. This role involves verifying the logic and calculations provided by the Mathematical Analyst regarding the total cost of the glasses. The Inspector will ensure that the analysis is correct and aligns with the mathematical principles, providing a step-by-step breakdown of the reasoning and confirming the final result.
[BROKER-EMBEDDING] Top-1 (Threshold 0.3): ['Inspector_SSVv']
[BROKER] Predicted next task: The most suitable downstream role for this scenario is the **Mathematical Analyst_CLMo**. This role focuses on analyzing the pricing structure step by step, determining the costs for each glass based on the provided information, and applying the established pattern to calculate the total cost for Kylar's purchase of 16 glasses. The final result will be presented as a single number without any units.
[BROKER-EMBEDDING] Top-1 (Threshold 0.3): ['Mathematical Analyst_CLMo']
[BROKER] Predicted next task: As an Inspector, I will verify the logic and calculations provided by previous agents regarding the sheep problem. I will ensure that the mathematical relationships and substitutions are accurate, and confirm that the final total is correctly derived. My output will include a step-by-step explanation of the verification process, concluding with the final result without any units.
[BROKER-EMBEDDING] Top-1 (Threshold 0.3): ['Inspector_SSVv']
[BROKER] Predicted next task: The most suitable downstream role is **Mathematical Analyst_CLMo**. This role involves defining variables for the number of sheep in Seattle, Charleston, and Toulouse, using provided relationships to express the counts in terms of the known value, and calculating the total number of sheep across all locations. The final result will be presented as a single number without any units.
[BROKER-EMBEDDING] Top-1 (Threshold 0.3): ['Mathematical Analyst_CLMo']
[BROKER] Predicted next task: As an Inspector_SSVv, I will evaluate the mathematical analysis provided by previous agents, ensuring the calculations and logic are accurate. I will verify the correctness of the problem-solving process and, if applicable, assess the corresponding code. My final output will summarize the findings and present the ultimate result succinctly, without any units.
[BROKER-EMBEDDING] Top-1 (Threshold 0.3): ['Inspector_SSVv']
[BROKER] Predicted next task: The most suitable downstream role for this scenario is **Mathematical Analyst_CLMo**. This role specializes in download time calculations, requiring a systematic approach to determine the total time for downloading a file, accounting for download speed, percentage completed, update installation time, and any necessary restarts. The analyst will present the final result as a single number without units, ensuring clarity and precision in the calculation process.
[BROKER-EMBEDDING] Top-1 (Threshold 0.3): ['Mathematical Analyst_CLMo']
[BROKER] Predicted next task: As an Inspector_SSVv, I will evaluate the mathematical analysis and calculations provided by previous agents to ensure their accuracy. I will verify the logic behind the problem-solving process and confirm that any corresponding code aligns with the solution analysis. My final output will summarize the findings and present the ultimate result succinctly, without any units.
[BROKER-EMBEDDING] Top-1 (Threshold 0.3): ['Programming Expert_PQqQ']
[BROKER] Predicted next task: The most suitable downstream role for this scenario is **Mathematical Analyst_CLMo**. This role involves breaking down John's journey into distinct phases, defining variables for each segment, calculating distances traveled, and determining the final distance from home after 4 hours. The analyst will present calculations step by step and conclude with the final distance in the specified format.
[BROKER-EMBEDDING] Top-1 (Threshold 0.3): ['Mathematical Analyst_CLMo']
[BROKER] Predicted next task: The most suitable downstream role is **Inspector_SSVv**. This role involves verifying the accuracy of the mathematical analysis provided by the previous agent, ensuring that the calculations for Eliza's earnings are correct. The Inspector will also confirm that the logic aligns with the problem-solving process and provide a final result based on the analysis.
[BROKER-EMBEDDING] Top-1 (Threshold 0.3): ['Inspector_SSVv']
[BROKER] Predicted next task: The most suitable downstream role is **Mathematical Analyst_CLMo**. This role focuses on calculating Eliza's earnings by first determining her regular earnings for 40 hours at $10 per hour, then calculating her overtime pay for 5 additional hours at a rate of 1.2 times her regular hourly rate, and finally summing both amounts to present the total earnings as a single number without any units.
[BROKER-EMBEDDING] Top-1 (Threshold 0.3): ['Mathematical Analyst_CLMo']
[BROKER] Predicted next task: The most suitable downstream role is **Inspector_SSVv**. This role will verify the calculations and logic provided by the Mathematical Analyst, ensuring the accuracy of the total downloads over the three months. The Inspector will also provide a step-by-step explanation of the reasoning process based on the hints given, culminating in a final result.
[BROKER-EMBEDDING] Top-1 (Threshold 0.3): ['Inspector_SSVv']
[BROKER] Predicted next task: The most suitable downstream role is **Mathematical Analyst_CLMo**. This role involves calculating the total number of downloads over three months based on defined variables and provided data. The analyst will clearly outline the calculations for each month, sum them up, and present the final result as a single number without any units.
[BROKER-EMBEDDING] Top-1 (Threshold 0.3): ['Mathematical Analyst_CLMo']
[BROKER] Predicted next task: The most suitable downstream role for this scenario is **Inspector_SSVv**. This role involves verifying the calculations and logic provided by the Mathematical Analyst regarding the total cost of pastries. The Inspector will ensure that the analysis is accurate and that the final result aligns with the calculations presented. The focus will be on confirming the correctness of the mathematical reasoning and the final total.
[BROKER-EMBEDDING] Top-1 (Threshold 0.3): ['Inspector_SSVv']
[BROKER] Predicted next task: The most suitable downstream role is **Mathematical Analyst_CLMo**. This role focuses on calculating the total cost of various pastries by identifying quantities and costs, performing the necessary multiplications, and summing the results to present a final total. It aligns perfectly with the previous agent's detailed breakdown of costs and calculations, ensuring clarity and accuracy in the final output.
[BROKER-EMBEDDING] Top-1 (Threshold 0.3): ['Mathematical Analyst_CLMo']
[BROKER] Predicted next task: As an Inspector_SSVv, I will evaluate the mathematical analysis provided by previous agents, ensuring the logic and calculations are accurate. I will verify the correctness of the problem-solving process and, if applicable, assess the corresponding code. My final output will summarize the findings and present the solution succinctly, without any units.
[BROKER-EMBEDDING] Top-1 (Threshold 0.3): ['Inspector_SSVv']
[BROKER] Predicted next task: The most suitable downstream role for this scenario is **Mathematical Analyst_CLMo**. This role focuses on financial analysis, specifically in cost-benefit analysis for agricultural investments. It requires identifying total costs, annual revenues, and expenses, and calculating the break-even point to determine how many years it will take for the investment to become profitable. The agent will present calculations step by step and conclude with the final number of years before Carlos starts earning money.
[BROKER-EMBEDDING] Top-1 (Threshold 0.3): ['Mathematical Analyst_CLMo']
[BROKER] Predicted next task: As a Math Solver_eXpt, I will analyze the provided mathematical problem and hints step by step, ensuring clarity and accuracy in the solving process. I will derive the solution based on the hints given by previous agents, culminating in a final result presented succinctly without any units.
[BROKER-EMBEDDING] Top-1 (Threshold 0.3): ['Math Solver_eXpt']
[BROKER] Predicted next task: As a Mathematical Analyst_CLMo, I specialize in breaking down word problems related to sales and inventory. I will analyze the sales process step by step, using variables to represent the number of vacuum cleaners sold and remaining. I will set up the equation based on the information provided and solve for the initial number of vacuum cleaners, presenting the final result as a single number without any units.
[BROKER-EMBEDDING] Top-1 (Threshold 0.3): ['Mathematical Analyst_CLMo']
[BROKER] Predicted next task: As an Inspector, I will verify the logic and calculations provided by previous agents regarding the math problem. I will ensure that the analysis is accurate and that any corresponding code aligns with the solution process. My output will include a step-by-step breakdown of the reasoning, culminating in the final result without any units.
[BROKER-EMBEDDING] Top-1 (Threshold 0.3): ['Inspector_SSVv']
[BROKER] Predicted next task: The most suitable downstream role is **Mathematical Analyst_CLMo**. This role involves solving a percentage problem related to student enrollment in dance classes by calculating the number of students in each category and expressing the final result as a percentage of the total. The analyst will follow the provided hints to ensure accuracy and clarity in the solution format.
[BROKER-EMBEDDING] Top-1 (Threshold 0.3): ['Mathematical Analyst_CLMo']
[BROKER] Predicted next task: The most suitable downstream role is [Inspector_SSVv]. This role involves verifying the accuracy of the mathematical analysis and calculations provided by the previous agent. The Inspector will ensure that the logic is sound and that the final profit comparison is correct, ultimately confirming the result of 125.
[BROKER-EMBEDDING] Top-1 (Threshold 0.3): ['Inspector_SSVv']
[BROKER] Predicted next task: The most suitable downstream role is **Mathematical Analyst_CLMo**. This role specializes in financial decision-making and involves analyzing purchase plans by calculating expected profits based on defined variables, comparing results, and presenting the final profit value. The previous agent's output aligns with the steps required for this role, making it the best fit for the current task.
[BROKER-EMBEDDING] Top-1 (Threshold 0.3): ['Mathematical Analyst_CLMo']
[BROKER] Predicted next task: The most suitable downstream role for the current output is **Inspector_SSVv**. This role involves verifying the correctness of the mathematical analysis and calculations provided by the previous agent. The Inspector will ensure that the logic is sound and that the final result aligns with the analysis, providing a step-by-step reasoning process based on the hints given. The final output will present the result without any units.
[BROKER-EMBEDDING] Top-1 (Threshold 0.3): ['Inspector_SSVv']
[BROKER] Predicted next task: The most suitable downstream role is **Mathematical Analyst_CLMo**. This role involves breaking down the problem of calculating the total distance covered by two trains into distinct parts, representing the distances with variables, substituting the given values, and summing the distances to find the final result. The focus is on a clear analytical approach to arrive at the total distance as a single number without units.
[BROKER-EMBEDDING] Top-1 (Threshold 0.3): ['Mathematical Analyst_CLMo']
[BROKER] Predicted next task: As the Inspector_SSVv, I will verify the accuracy of the mathematical analysis and calculations provided by previous agents. I will ensure that the logic is sound and that any corresponding code aligns with the solution analysis. My output will include a step-by-step breakdown of the reasoning process, culminating in the final result without any units.
[BROKER-EMBEDDING] Top-1 (Threshold 0.3): ['Programming Expert_PQqQ']
[BROKER] Predicted next task: The most suitable downstream role is [Mathematical Analyst_CLMo]. This role focuses on calculating Jill's annual salary by identifying her total weekly hours, computing her earnings from teaching and coaching, and then determining her annual salary based on the number of weeks worked. The output will be presented as a single number without any units, aligning with the provided analysis and code.
[BROKER-EMBEDDING] Top-1 (Threshold 0.3): ['Mathematical Analyst_CLMo']
[BROKER] Predicted next task: The most suitable downstream role for this scenario is the **Inspector_SSVv**. This role involves verifying the correctness of the mathematical analysis and calculations provided by the previous agent. The Inspector will ensure that the logic is sound and that the final result aligns with the calculations, providing a step-by-step reasoning process based on the hints given. The final output will present the answer without any units.
[BROKER-EMBEDDING] Top-1 (Threshold 0.3): ['Inspector_SSVv']
[BROKER] Predicted next task: The most suitable downstream role is [Mathematical Analyst_CLMo]. This role involves calculating the total number of dozens of eggs consumed over a specified period, using a straightforward mathematical approach. The analyst will determine the total egg consumption based on daily usage and convert that total into dozens, presenting the final result as a whole number without any units.
[BROKER-EMBEDDING] Top-1 (Threshold 0.3): ['Mathematical Analyst_CLMo']
[BROKER] Predicted next task: The most suitable downstream role for this scenario is **[Inspector_SSVv]**. This role involves verifying the correctness of the mathematical analysis and calculations provided by the previous agent. The Inspector will ensure that the logic is sound and that the conclusions drawn align with the problem requirements, ultimately confirming the final result.
[BROKER-EMBEDDING] Top-1 (Threshold 0.3): ['Inspector_SSVv']
[BROKER] Predicted next task: The most suitable downstream role is **Mathematical Analyst_CLMo**. This role focuses on determining the speed Marissa needs to maintain an average speed of 4 miles per hour over a 12-mile trail by calculating the total time available, analyzing the time spent on the first 6 miles, and determining the remaining distance and time left to calculate the required speed for the remaining distance. The final answer will be presented as a single number without any units.
[BROKER-EMBEDDING] Top-1 (Threshold 0.3): ['Mathematical Analyst_CLMo']
[BROKER] Predicted next task: As a Math Solver, I will analyze the provided mathematical problem and hints from previous agents, then present a step-by-step solution process. My final output will consist solely of the numerical result without any units.
[BROKER-EMBEDDING] Top-1 (Threshold 0.3): ['Math Solver_eXpt']
[BROKER] Predicted next task: As the Inspector, I will verify the logic and calculations provided by previous agents regarding the age problem. I will ensure that the analysis is correct and that the calculations align with the conclusions drawn. Additionally, I will provide my own step-by-step reasoning based on the hints given, ultimately confirming the final result.
[BROKER-EMBEDDING] Top-1 (Threshold 0.3): ['Inspector_SSVv']
[BROKER] Predicted next task: The most suitable downstream role is **Mathematical Analyst_CLMo**. This role involves solving an age-related problem by clearly identifying and calculating the ages of Raymond and Samantha, determining when Raymond had his son, and calculating how many years ago that was. The analyst will present the calculations step by step, ensuring clarity in relationships and substitutions, and conclude with the final result, stating only the number of years ago without any units.
[BROKER-EMBEDDING] Top-1 (Threshold 0.3): ['Mathematical Analyst_CLMo']
[BROKER] Predicted next task: The most suitable downstream role is **Inspector_SSVv**. This role involves verifying the logic and calculations provided by the Mathematical Analyst regarding the total number of DVDs sold. The Inspector will ensure the analysis is correct, confirm the calculations align with the problem, and provide a final result based on the validated process.
[BROKER-EMBEDDING] Top-1 (Threshold 0.3): ['Inspector_SSVv']
[BROKER] Predicted next task: The most suitable downstream role for this scenario is **Mathematical Analyst_CLMo**. This role focuses on analyzing the sales data provided for Billy's DVD sales, calculating the number of DVDs sold by each group of customers, and summing these amounts to present the final result as a single number without any units.
[BROKER-EMBEDDING] Top-1 (Threshold 0.3): ['Mathematical Analyst_CLMo']
[BROKER] Predicted next task: The most suitable downstream role for this scenario is **Math Solver_eXpt**. This role requires a math expert to take the provided analysis and hints from previous agents, and to present a step-by-step solving process for the math problem. The final output should only include the numerical result without any units.
[BROKER-EMBEDDING] Top-1 (Threshold 0.3): ['Math Solver_eXpt']
[BROKER] Predicted next task: The most suitable downstream role is **Mathematical Analyst_CLMo**. This role focuses on solving the specific problem regarding the candle's melting rate by calculating the total burning time and the total centimeters the candle will shorten. The final result is presented as a single number without any units, aligning perfectly with the output required from the previous agent's analysis.
[BROKER-EMBEDDING] Top-1 (Threshold 0.3): ['Mathematical Analyst_CLMo']
[BROKER] Predicted next task: The most suitable downstream role for this scenario is [Inspector_SSVv]. This role involves verifying the correctness of the mathematical analysis provided by the previous agent, ensuring that the logic and calculations are accurate. The Inspector will also provide a step-by-step explanation of the solution process based on the hints given, culminating in a final result.
[BROKER-EMBEDDING] Top-1 (Threshold 0.3): ['Inspector_SSVv']
[BROKER] Predicted next task: The most suitable downstream role is **Mathematical Analyst_CLMo**. This role focuses on determining the original price of a book given its discounted price and the percentage discount applied. It involves defining variables, setting up equations, and solving for the original price, providing the final result as a single number without any units.
[BROKER-EMBEDDING] Top-1 (Threshold 0.3): ['Mathematical Analyst_CLMo']
[BROKER] Predicted next task: As an Inspector, I will verify the accuracy of the mathematical analysis and calculations provided by previous agents. I will ensure that the logic is sound and that any corresponding code aligns with the solution process. My output will include a step-by-step breakdown of the reasoning, culminating in a final result without any units.
[BROKER-EMBEDDING] Top-1 (Threshold 0.3): ['Inspector_SSVv']
[BROKER] Predicted next task: The most suitable downstream role is **Mathematical Analyst_CLMo**. This role focuses on solving specific cost calculation problems by identifying total costs, determining remaining amounts, and calculating quantities based on given prices. It requires a step-by-step approach using variables for clarity and presents the final result as a single number without units, aligning perfectly with the previous agent's output and the task at hand.
[BROKER-EMBEDDING] Top-1 (Threshold 0.3): ['Math Solver_eXpt']
[BROKER] Predicted next task: As the Inspector_SSVv, I will verify the accuracy of the mathematical analysis and calculations provided by previous agents. I will ensure that the logic is sound and that any corresponding code aligns with the solution process. My output will include a step-by-step breakdown of the reasoning, culminating in the final result without any units.
[BROKER-EMBEDDING] Top-1 (Threshold 0.3): ['Programming Expert_PQqQ']
[BROKER] Predicted next task: The most suitable downstream role is **Mathematical Analyst_CLMo**. This role involves defining variables for the costs and quantities of clothing items, substituting the given values, and calculating the total expenditure using a clear mathematical formula. The output will be a single numerical result representing the total amount spent, aligning with the previous agent's programming logic and ensuring clarity in the calculation process.
[BROKER-EMBEDDING] Top-1 (Threshold 0.3): ['Mathematical Analyst_CLMo']
[BROKER] Predicted next task: As the Inspector_SSVv, I will evaluate the mathematical analysis provided by the previous agent, ensuring the calculations and logic are accurate. I will verify the steps taken to determine the total cost of ice cream and confirm that the conclusions drawn align with the problem's requirements. My final output will present the correct total amount spent without any units.
[BROKER-EMBEDDING] Top-1 (Threshold 0.3): ['Inspector_SSVv']
[BROKER] Predicted next task: The most suitable downstream role is **Mathematical Analyst_CLMo**. This role focuses on calculating the total cost of ice cream for Cynthia over a 60-day period by determining the number of servings, the required cartons, and the total cost, all while presenting the final result as a single number without any units. This aligns perfectly with the previous agents' accurate calculations and logical flow.
[BROKER-EMBEDDING] Top-1 (Threshold 0.3): ['Mathematical Analyst_CLMo']
[BROKER] Predicted next task: As an Inspector_SSVv, I will evaluate the logic and calculations provided by previous agents regarding the math problem. I will verify the accuracy of their analysis and ensure that any corresponding code aligns with the solution process. My output will include a step-by-step breakdown of the reasoning, culminating in a final result presented without units.
[BROKER-EMBEDDING] Top-1 (Threshold 0.3): ['Inspector_SSVv']
[BROKER] Predicted next task: The most suitable downstream role is **Mathematical Analyst_CLMo**. This role focuses on solving a specific problem about distances in a bike trip by clearly outlining calculations step by step, using variables to represent distances, and providing the final answer as a single number without units. This aligns well with the previous agent's detailed calculations and logical reasoning regarding the distances traveled.
[BROKER-EMBEDDING] Top-1 (Threshold 0.3): ['Mathematical Analyst_CLMo']
[BROKER] Predicted next task: As the Inspector, I will verify the logic and calculations provided by the Mathematical Analyst regarding the cost of the boots and high heels. I will ensure that the analysis is correct and aligns with the problem statement. Additionally, I will provide my own step-by-step reasoning to confirm the final result. My output will conclude with the final answer, presented without any units.
[BROKER-EMBEDDING] Top-1 (Threshold 0.3): ['Inspector_SSVv']
[BROKER] Predicted next task: The most suitable downstream role is **Mathematical Analyst_CLMo**. This role involves defining variables for the costs of the boots and high heels, setting up equations based on the provided information, and solving for the cost of the boots step by step. The analyst will present the final result without any units, ensuring clarity and precision in the solution process.
[BROKER-EMBEDDING] Top-1 (Threshold 0.3): ['Mathematical Analyst_CLMo']
[BROKER] Predicted next task: As an Inspector_SSVv, I will verify the logic and calculations provided by previous agents regarding the ages of Darrell and Allen. I will ensure that the mathematical analysis is correct and that the conclusions drawn align with the problem statement. Additionally, I will provide my own step-by-step reasoning based on the hints given, culminating in a final result without any units.
[BROKER-EMBEDDING] Top-1 (Threshold 0.3): ['Inspector_SSVv']
[BROKER] Predicted next task: The most suitable downstream role for this scenario is **Mathematical Analyst_CLMo**. This role specializes in age-related ratio problems, allowing for a structured approach to setting up equations based on the given ratio and total age. The analyst will calculate the current ages of Darrell and Allen and determine Allen's age in 10 years, presenting the final result as a single number without any units.
[BROKER-EMBEDDING] Top-1 (Threshold 0.3): ['Mathematical Analyst_CLMo']
[BROKER] Predicted next task: As the Inspector_SSVv, I will verify the accuracy of the mathematical analysis provided by the Mathematical Analyst regarding the average guess of Gunter's friends. I will ensure that the calculations are correct and that the logic aligns with the problem-solving process. Finally, I will present the correct average guess based on the analysis.
[BROKER-EMBEDDING] Top-1 (Threshold 0.3): ['Inspector_SSVv']
[BROKER] Predicted next task: The most suitable downstream role is **Mathematical Analyst_CLMo**. This role focuses on calculating the average guess of Gunter's friends by identifying and analyzing their individual guesses step by step, ultimately presenting the final average as a single number without any units.
[BROKER-EMBEDDING] Top-1 (Threshold 0.3): ['Mathematical Analyst_CLMo']
[BROKER] Predicted next task: The most suitable downstream role for this scenario is [Inspector_SSVv]. This role involves verifying the correctness of the mathematical analysis provided by the previous agent, ensuring that the calculations and logic are accurate. The Inspector will also summarize the findings and present the final result clearly, aligning with the output format specified.
[BROKER-EMBEDDING] Top-1 (Threshold 0.3): ['Inspector_SSVv']
[BROKER] Predicted next task: The most suitable downstream role is **Mathematical Analyst_CLMo**. This role focuses on calculating the total time John spends taking care of his dogs by clearly outlining the steps involved in determining both daily and weekly time spent. The analyst will present the final result as a single number without any units, ensuring clarity and precision in the calculation process.
[BROKER-EMBEDDING] Top-1 (Threshold 0.3): ['Mathematical Analyst_CLMo']
[BROKER] Predicted next task: The most suitable downstream role for this scenario is [Inspector_SSVv]. This role involves verifying the correctness of the mathematical analysis provided by the previous agent, ensuring that the logic and calculations are accurate. Additionally, the Inspector will summarize the solving process step by step and present the final result clearly, aligning with the output format specified.
[BROKER-EMBEDDING] Top-1 (Threshold 0.3): ['Inspector_SSVv']
[BROKER] Predicted next task: The most suitable downstream role is **Mathematical Analyst_CLMo**. This role involves solving a coin distribution problem by defining variables, setting up equations based on given information, and solving them step by step to find the values of silver and gold coins. The final output will only include the number of gold coins.
[BROKER-EMBEDDING] Top-1 (Threshold 0.3): ['Mathematical Analyst_CLMo']
[BROKER] Predicted next task: The most suitable downstream role is [Inspector_SSVv]. This role involves verifying the logic and calculations provided by the Mathematical Analyst, ensuring the analysis is correct, and confirming that the final result aligns with the problem-solving process. The Inspector will also provide a step-by-step explanation based on the hints given, culminating in the final result.
[BROKER-EMBEDDING] Top-1 (Threshold 0.3): ['Inspector_SSVv']
[BROKER] Predicted next task: The most suitable downstream role is **Mathematical Analyst_CLMo**. This role involves defining variables for the jewels owned by Siobhan, Aaron, and Raymond, setting up equations based on their relationships, and substituting known values to solve for the unknowns step by step. The final output will present only the result without any units, aligning perfectly with the previous agent's calculations and conclusions.
[BROKER-EMBEDDING] Top-1 (Threshold 0.3): ['Mathematical Analyst_CLMo']
[BROKER] Predicted next task: The most suitable downstream role for this scenario is [Inspector_SSVv]. This role involves verifying the correctness of the mathematical analysis and calculations provided by the previous agent. The Inspector will ensure that the logic is sound and that the final result aligns with the calculations presented. The focus will be on confirming the accuracy of the steps taken to arrive at the total points scored.
[BROKER-EMBEDDING] Top-1 (Threshold 0.3): ['Inspector_SSVv']
[BROKER] Predicted next task: The most suitable downstream role is **Mathematical Analyst_CLMo**. This role focuses on solving specific mathematical problems by clearly identifying given values, performing necessary calculations, and presenting the final result as a single number without units. The previous agent has already verified the calculations, making this role ideal for summarizing the findings and delivering the final score succinctly.
[BROKER-EMBEDDING] Top-1 (Threshold 0.3): ['Math Solver_eXpt']
[BROKER] Predicted next task: As an Inspector, I will evaluate the mathematical analysis provided by previous agents, ensuring the calculations and logic are accurate. I will verify the steps taken to solve the problem and confirm that any corresponding code aligns with the solution analysis. My final output will present the correct answer based on the validated process.
[BROKER-EMBEDDING] Top-1 (Threshold 0.3): ['Inspector_SSVv']
[BROKER] Predicted next task: The most suitable downstream role for this scenario is **Mathematical Analyst_CLMo**. This role specializes in cost calculations and follows a structured approach to determine the total number of yogurts consumed, the number of packs needed, and the total cost. The analyst will present the final expenditure as a single numerical value without any units, ensuring clarity and precision in the calculations.
[BROKER-EMBEDDING] Top-1 (Threshold 0.3): ['Mathematical Analyst_CLMo']
[BROKER] Predicted next task: As an Inspector_SSVv, I will evaluate the mathematical analysis provided by previous agents, ensuring the calculations and logic are accurate. I will verify the correctness of the problem-solving process and, if applicable, assess any corresponding code. My final output will summarize the findings and present the ultimate result succinctly, without any units.
[BROKER-EMBEDDING] Top-1 (Threshold 0.3): ['Inspector_SSVv']
[BROKER] Predicted next task: As a downstream agent, I will take on the role of [Mathematical Analyst_CLMo]. My focus will be on solving word problems related to sales and purchases by calculating total revenue and expenditures, ensuring clarity in the process. I will present the final result succinctly in a single line, confirming the outcomes of the calculations.
[BROKER-EMBEDDING] Top-1 (Threshold 0.3): ['Math Solver_eXpt']
[BROKER] Predicted next task: The most suitable downstream role for this scenario is **[Inspector_SSVv]**. This role involves verifying the correctness of the mathematical analysis and calculations provided by the previous agent. The Inspector will ensure that the logic used to determine John's running speed is accurate and that the calculations align with the problem-solving process. The final output will present the result succinctly, confirming the correctness of the analysis.
[BROKER-EMBEDDING] Top-1 (Threshold 0.3): ['Inspector_SSVv']
[BROKER] Predicted next task: The most suitable downstream role for this scenario is **Mathematical Analyst_CLMo**. This role specializes in speed and distance problems, allowing for a thorough breakdown of John's running schedule, calculation of total running time, and application of the speed formula. The analyst will present the final result as a single number without any units, ensuring clarity and precision in the solution.
[BROKER-EMBEDDING] Top-1 (Threshold 0.3): ['Mathematical Analyst_CLMo']
[BROKER] Predicted next task: As an Inspector_SSVv, I will evaluate the mathematical analysis and calculations provided by previous agents to ensure their correctness. I will verify the logic behind the problem-solving process and confirm that any corresponding code aligns with the solution analysis. My final output will present the correct answer without any units, ensuring clarity and precision in the results.
[BROKER-EMBEDDING] Top-1 (Threshold 0.3): ['Programming Expert_PQqQ']
[BROKER] Predicted next task: The most suitable downstream role for this task is **Mathematical Analyst_CLMo**. This role specializes in speed and distance problems, allowing for a detailed analysis of Dana's walking and running speeds based on given conditions. The analyst will compute the distances traveled during each activity and sum them to find the total distance covered in six hours, ensuring a thorough understanding of the problem's parameters.
[BROKER-EMBEDDING] Top-1 (Threshold 0.3): ['Mathematical Analyst_CLMo']
[BROKER] Predicted next task: The most suitable downstream role is **Inspector_SSVv**. This role involves verifying the logic and calculations provided by the previous agent, ensuring the analysis is correct, and confirming that the final result aligns with the problem-solving process. The Inspector will also provide a step-by-step explanation based on the hints given, culminating in a concise final answer.
[BROKER-EMBEDDING] Top-1 (Threshold 0.3): ['Inspector_SSVv']
[BROKER] Predicted next task: The most suitable downstream role is **Mathematical Analyst_CLMo**. This role involves solving a specific age-related problem by defining variables, using given relationships, substituting known values, and presenting calculations step by step. The final output will conclude with the age of Brandon's iPhone in the specified format.
[BROKER-EMBEDDING] Top-1 (Threshold 0.3): ['Mathematical Analyst_CLMo']
[BROKER] Predicted next task: The most suitable downstream role for this scenario is **Inspector_SSVv**. This role involves verifying the logic and calculations provided by the Mathematical Analyst, ensuring the analysis is correct, and confirming that the conclusions drawn align with the mathematical reasoning. The Inspector will also provide a final result based on the validated calculations.
[BROKER-EMBEDDING] Top-1 (Threshold 0.3): ['Inspector_SSVv']
[BROKER] Predicted next task: The most suitable downstream role is **Mathematical Analyst_CLMo**. This role involves analyzing the scenario of Polly's javelin throw distances, calculating the total distance she can throw with the gemstone, and determining how far outside the dragon's flame reach she can stand while still being able to hit the dragon. The focus is on presenting the final result as a single number without any units, which aligns perfectly with the previous agents' outputs and the problem requirements.
[BROKER-EMBEDDING] Top-1 (Threshold 0.3): ['Mathematical Analyst_CLMo']
[BROKER] Predicted next task: The most suitable downstream role for this scenario is **Inspector_SSVv**. This role involves verifying the logic and calculations provided by the previous agent, ensuring the analysis is correct, and confirming that the final result aligns with the problem-solving process. The Inspector will also provide a step-by-step explanation based on the hints given, culminating in the final result.
[BROKER-EMBEDDING] Top-1 (Threshold 0.3): ['Inspector_SSVv']
[BROKER] Predicted next task: The most suitable downstream role is [Mathematical Analyst_CLMo]. This role involves solving a word problem related to pie distribution by clearly identifying the total number of pie pieces and calculating the number taken by guests. The analyst will present the calculations step by step and conclude with a clearly stated final result.
[BROKER-EMBEDDING] Top-1 (Threshold 0.3): ['Mathematical Analyst_CLMo']
[BROKER] Predicted next task: The most suitable downstream role for this scenario is **[Inspector_SSVv]**. This role involves verifying the logic and calculations provided by the Mathematical Analyst, ensuring the analysis is correct, and confirming that the final result aligns with the calculations. The Inspector will provide a step-by-step breakdown of the reasoning and conclude with the final answer, ensuring accuracy and clarity in the solution process.
[BROKER-EMBEDDING] Top-1 (Threshold 0.3): ['Inspector_SSVv']
[BROKER] Predicted next task: The most suitable downstream role is **Mathematical Analyst_CLMo**. This role specializes in nutritional calculations, making it ideal for determining how many grams of chips can be consumed based on the provided nutritional information, daily calorie target, and prior intake. The agent will follow a structured approach to calculate total calories, remaining calories, and the proportion of the bag that can be consumed, ultimately presenting the final answer as the total grams without any units.
[BROKER-EMBEDDING] Top-1 (Threshold 0.3): ['Mathematical Analyst_CLMo']
[BROKER] Predicted next task: As the Inspector_SSVv, I will verify the accuracy of the mathematical analysis provided by the previous agent regarding Charlie's net profit from selling candles. I will ensure that the calculations for total costs, total revenue, and net profit are correct, and I will provide my own step-by-step reasoning based on the hints given. Finally, I will present the final result succinctly without any units.
[BROKER-EMBEDDING] Top-1 (Threshold 0.3): ['Inspector_SSVv']
[BROKER] Predicted next task: The most suitable downstream role for this task is **Mathematical Analyst_CLMo**. This role specializes in profit calculations for small businesses, making it ideal for analyzing Charlie's beeswax candle business. The agent will determine the total cost of supplies, calculate total revenue, and compute net profit, presenting the final result as a single number without any units.
[BROKER-EMBEDDING] Top-1 (Threshold 0.3): ['Mathematical Analyst_CLMo']
[BROKER] Predicted next task: The most suitable downstream role for this scenario is **Inspector_SSVv**. This role involves verifying the logic and calculations provided by the Mathematical Analyst, ensuring the accuracy of the analysis and the final result. The Inspector will also provide a step-by-step solving process based on the hints given, culminating in a concise final answer.
[BROKER-EMBEDDING] Top-1 (Threshold 0.3): ['Inspector_SSVv']
[BROKER] Predicted next task: The most suitable downstream role is **Mathematical Analyst_CLMo**. This role focuses on calculating the total number of hours Meredith spent writing articles by first determining the number of articles written each day and then multiplying the total by the average time spent per article. The final result will be presented as a single number without any units, aligning perfectly with the task at hand.
[BROKER-EMBEDDING] Top-1 (Threshold 0.3): ['Mathematical Analyst_CLMo']
[BROKER] Predicted next task: As a Math Solver_eXpt, I will take the hints provided by previous agents and follow a step-by-step reasoning process to solve the math problem. My output will focus solely on the final result, presented without any units.
[BROKER-EMBEDDING] Top-1 (Threshold 0.3): ['Math Solver_eXpt']
[BROKER] Predicted next task: As a Mathematical Analyst_CLMo, your role is to define variables and set up equations based on provided information. You will solve the equation step by step and present the final numerical result without any units. Your focus is on clarity and accuracy in the mathematical process, ensuring that the solution is derived logically from the initial problem statement.
[BROKER-EMBEDDING] Top-1 (Threshold 0.3): ['Inspector_SSVv']
[BROKER] Predicted next task: As an Inspector_SSVv, I will evaluate the mathematical analysis provided by previous agents, ensuring the logic and calculations are accurate. I will verify the correctness of the problem-solving steps and check if any accompanying code aligns with the analysis. My final output will summarize the findings and present the ultimate result succinctly.
[BROKER-EMBEDDING] Top-1 (Threshold 0.3): ['Inspector_SSVv']
[BROKER] Predicted next task: The most suitable downstream role is **Mathematical Analyst_CLMo**. This role involves systematically solving a specific problem related to the purchase of ties by following a clear step-by-step process. It requires identifying quantities, calculating costs, and presenting the final total amount spent as a single numerical value without any units, ensuring clarity and accuracy in the solution.
[BROKER-EMBEDDING] Top-1 (Threshold 0.3): ['Math Solver_eXpt']
[BROKER] Predicted next task: The most suitable downstream role for this scenario is **Inspector_SSVv**. This role involves verifying the correctness of the mathematical analysis and calculations provided by the previous agent. The Inspector will ensure that the logic is sound and that the final result aligns with the analysis, providing a step-by-step breakdown of the reasoning process. The final output will only include the result without any units.
[BROKER-EMBEDDING] Top-1 (Threshold 0.3): ['Inspector_SSVv']
[BROKER] Predicted next task: The most suitable downstream role is **Mathematical Analyst_CLMo**. This role involves solving a specific problem by first converting the total length of wire from feet to inches and then determining how many 6-inch pieces can be cut from that total length through division. The output will clearly present the calculations step-by-step, culminating in the total number of pieces obtained, provided without any units.
[BROKER-EMBEDDING] Top-1 (Threshold 0.3): ['Mathematical Analyst_CLMo']
[BROKER] Predicted next task: The most suitable downstream role is [Inspector_SSVv]. As an Inspector, I will verify the calculations and logic provided by the Mathematical Analyst regarding the total number of unoccupied units in the apartment building. I will ensure that the analysis is correct and aligns with the mathematical principles, providing a step-by-step breakdown of the reasoning. Finally, I will present the final result succinctly.
[BROKER-EMBEDDING] Top-1 (Threshold 0.3): ['Inspector_SSVv']
[BROKER] Predicted next task: The most suitable downstream role is **Mathematical Analyst_CLMo**. This role involves systematically solving a problem about occupancy in an apartment building by calculating the total number of units, determining the number of occupied units, and finding the number of unoccupied units. The analyst will present the final result as a single number without any units, ensuring clarity and precision in the calculations.
[BROKER-EMBEDDING] Top-1 (Threshold 0.3): ['Mathematical Analyst_CLMo']
[BROKER] Predicted next task: As an Inspector, I will evaluate the mathematical analysis and calculations provided by previous agents to ensure their accuracy. I will verify the logic behind the calculations and confirm that the final result aligns with the analysis. My output will include a step-by-step breakdown of the reasoning process, culminating in a final result without any units.
[BROKER-EMBEDDING] Top-1 (Threshold 0.3): ['Inspector_SSVv']
[BROKER] Predicted next task: The most suitable downstream role is **Mathematical Analyst_CLMo**. This role focuses on calculating Lloyd's weekly earnings from egg sales by following a structured approach: determining total egg production, converting to dozens, and calculating total revenue. The analyst will present the final result as a single number without any units, ensuring clarity and precision in the financial outcome.
[BROKER-EMBEDDING] Top-1 (Threshold 0.3): ['Mathematical Analyst_CLMo']
[BROKER] Predicted next task: The most suitable downstream role is **Inspector_SSVv**. This role involves verifying the correctness of the mathematical analysis and calculations provided by the previous agent. The Inspector will ensure that the logic is sound and that the calculations align with the problem-solving process. Additionally, the Inspector will summarize the findings and present the final result clearly.
[BROKER-EMBEDDING] Top-1 (Threshold 0.3): ['Inspector_SSVv']
[BROKER] Predicted next task: The most suitable downstream role for this task is **Mathematical Analyst_CLMo**. This role specializes in analyzing time and distance problems, providing clear calculations and substitutions for the journey's distance and return time. The analyst will present the findings step by step, ensuring clarity and accuracy, and will conclude with the total time taken for the return journey without any units.
[BROKER-EMBEDDING] Top-1 (Threshold 0.3): ['Mathematical Analyst_CLMo']
[BROKER] Predicted next task: I am the Inspector_SSVv. My role involves verifying the logic and calculations presented in the problem-solving process. I will assess the accuracy of the analysis and ensure that any provided code aligns with the solution. I will also provide my own step-by-step reasoning based on the hints given by previous agents, culminating in a final result without any units.
[BROKER-EMBEDDING] Top-1 (Threshold 0.3): ['Inspector_SSVv']
[BROKER] Predicted next task: The most suitable downstream role is **Mathematical Analyst_CLMo**. This role involves defining variables, presenting calculations step by step, and concluding with the final number of toys to be removed without any units. The previous agent's output provides a clear analysis of the weight removal problem, making this role ideal for summarizing and confirming the calculations.
[BROKER-EMBEDDING] Top-1 (Threshold 0.3): ['Mathematical Analyst_CLMo']
[BROKER] Predicted next task: As an Inspector_SSVv, I will evaluate the calculations and logic provided by previous agents regarding the revenue generated from tire repairs. I will verify the accuracy of the mathematical analysis and ensure that the conclusions drawn are correct. My final output will summarize the findings and present the final result succinctly, without any units.
[BROKER-EMBEDDING] Top-1 (Threshold 0.3): ['Inspector_SSVv']
[BROKER] Predicted next task: The most suitable downstream role for this scenario is **Mathematical Analyst_CLMo**. This role specializes in revenue calculations for service-based businesses, focusing on identifying and calculating revenue generated from different services. It will analyze the provided data, compute total revenues for both days, and determine the difference in revenue, presenting the final result as a single numerical value without any units.
[BROKER-EMBEDDING] Top-1 (Threshold 0.3): ['Mathematical Analyst_CLMo']
[BROKER] Predicted next task: As the Inspector_SSVv, I will verify the logic and calculations provided by the Mathematical Analyst regarding the total number of kittens. I will ensure that the analysis is correct, check the calculations step by step, and confirm that the final result aligns with the problem-solving process. My output will include a concise summary of the verification and conclude with the final result.
[BROKER-EMBEDDING] Top-1 (Threshold 0.3): ['Inspector_SSVv']
[BROKER] Predicted next task: The most suitable downstream role for this scenario is **Mathematical Analyst_CLMo**. This role involves defining variables for the number of kittens, using the provided information to calculate the total number of kittens, and presenting the final result as a single number without any units. The previous agent's output has already laid the groundwork for this analysis, making it a seamless fit for the task at hand.
[BROKER-EMBEDDING] Top-1 (Threshold 0.3): ['Mathematical Analyst_CLMo']
[BROKER] Predicted next task: The most suitable downstream role is **Math Solver_eXpt**. This role will take the mathematical analysis provided by the previous agent and offer a step-by-step solving process based on the hints given. The final output will present the result clearly, adhering to the specified format without any additional commentary or units.
[BROKER-EMBEDDING] Top-1 (Threshold 0.3): ['Math Solver_eXpt']
[BROKER] Predicted next task: As the downstream role, I will be the **Mathematical Analyst_CLMo**. My task is to identify the initial number of lollipops Jean has, the number he eats, calculate the remaining lollipops, and determine how many bags can be filled by dividing the remaining lollipops by the number of lollipops per bag. I will present the final result as a single number without any units.
[BROKER-EMBEDDING] Top-1 (Threshold 0.3): ['Mathematical Analyst_CLMo']
[BROKER] Predicted next task: As the Inspector_SSVv, I will evaluate the mathematical analysis provided by the previous agent, ensuring the calculations and logic are accurate. I will verify the steps taken to determine how many times Peter can afford to go to the movies based on his budget and the costs involved. My final output will summarize the correctness of the analysis and present the final result succinctly.
[BROKER-EMBEDDING] Top-1 (Threshold 0.3): ['Inspector_SSVv']
[BROKER] Predicted next task: The most suitable downstream role is [Mathematical Analyst_CLMo]. This role involves analyzing a budgeting problem by determining the total cost of a movie outing and calculating how many times Peter can afford to go to the movies with a specified budget. The focus is on step-by-step analysis and presenting the final result as a single number without any units.
[BROKER-EMBEDDING] Top-1 (Threshold 0.3): ['Mathematical Analyst_CLMo']
[BROKER] Predicted next task: As a Math Solver_eXpt, I will analyze the provided mathematical problem and hints step by step, ensuring clarity in the solving process. I will derive the final result based on the calculations and logic presented by previous agents, concluding with a concise answer without any units.
[BROKER-EMBEDDING] Top-1 (Threshold 0.3): ['Math Solver_eXpt']
[BROKER] Predicted next task: The most suitable downstream role is **Mathematical Analyst_CLMo**. This role involves solving a weight limit problem by identifying the total weight capacity of the bridge and the current weight of the truck and driver. It requires calculating the maximum additional weight that can be added without exceeding the bridge's limit and determining how many boxes can be loaded based on this additional weight capacity, ultimately presenting the final answer as a single number without any units.
[BROKER-EMBEDDING] Top-1 (Threshold 0.3): ['Mathematical Analyst_CLMo']
[BROKER] Predicted next task: As the Inspector_SSVv, I will verify the calculations and logic provided by the Mathematical Analyst regarding the final price of Stephen's groceries. I will ensure that each step of the analysis is accurate and corresponds correctly to the final result. My output will include a step-by-step breakdown of the verification process, concluding with the final price without any units.
[BROKER-EMBEDDING] Top-1 (Threshold 0.3): ['Inspector_SSVv']
[BROKER] Predicted next task: The most suitable downstream role is **Mathematical Analyst_CLMo**. This role focuses on calculating the final price of Stephen's groceries by clearly identifying the base price, calculating the 25% fee, and adding the delivery fee and tip step by step. The analyst will present the total final price without any units, ensuring clarity and accuracy in the calculations.
[BROKER-EMBEDDING] Top-1 (Threshold 0.3): ['Mathematical Analyst_CLMo']
[BROKER] Predicted next task: The most suitable downstream role is **Inspector_SSVv**. This role involves verifying the logic and calculations provided by the Mathematical Analyst, ensuring the accuracy of the solution process. The Inspector will confirm the correctness of the total number of raspberries calculated and provide a final result based on the analysis.
[BROKER-EMBEDDING] Top-1 (Threshold 0.3): ['Inspector_SSVv']
[BROKER] Predicted next task: The most suitable downstream role for this task is **Mathematical Analyst_CLMo**. This role involves analyzing the provided information about the raspberry bush, calculating the total number of raspberries by first determining the total from the clusters and then adding the individual fruit. The analyst will present the calculations clearly and ensure the final output contains only the total number of raspberries without any units.
[BROKER-EMBEDDING] Top-1 (Threshold 0.3): ['Mathematical Analyst_CLMo']
[BROKER] Predicted next task: The most suitable downstream role for this scenario is **Inspector_SSVv**. This role involves verifying the logic and calculations provided by the previous agent regarding the number of good oranges. The Inspector will ensure that the analysis is correct and that the calculations align with the problem-solving process, ultimately confirming the final result.
[BROKER-EMBEDDING] Top-1 (Threshold 0.3): ['Inspector_SSVv']
[BROKER] Predicted next task: The most suitable downstream role is **Mathematical Analyst_CLMo**. This role focuses on determining the number of good oranges in the basket by analyzing the provided data on bad, unripe, and sour oranges. It involves calculating the total of these categories and subtracting them from the total number of oranges to arrive at the final count of good oranges, presenting the result as a single number without any units.
[BROKER-EMBEDDING] Top-1 (Threshold 0.3): ['Mathematical Analyst_CLMo']
[BROKER] Predicted next task: As an Inspector, I will verify the calculations and logic provided by the Mathematical Analyst regarding the total cost of the brooch purchased by Janet. I will ensure that each step of the analysis is accurate and corresponds correctly to the final result. My output will include a step-by-step breakdown of the verification process, concluding with the final total amount paid by Janet.
[BROKER-EMBEDDING] Top-1 (Threshold 0.3): ['Inspector_SSVv']
[BROKER] Predicted next task: The most suitable downstream role is **Mathematical Analyst_CLMo**. This role focuses on calculating the total cost of the brooch purchased by Janet by clearly identifying and breaking down the costs involved, including material cost, jeweler's fee, and insurance. The analyst will perform the calculations step by step and present the final total amount paid by Janet without any units, ensuring clarity and accuracy in the process.
[BROKER-EMBEDDING] Top-1 (Threshold 0.3): ['Mathematical Analyst_CLMo']
[BROKER] Predicted next task: As an Inspector, I will evaluate the mathematical analysis and calculations provided by previous agents to ensure their logic is sound and accurate. I will verify the correctness of the calculations and the reasoning behind them, and I will present my own step-by-step solving process based on the hints given. My final output will include only the conclusive result without any units.
[BROKER-EMBEDDING] Top-1 (Threshold 0.3): ['Inspector_SSVv']
[BROKER] Predicted next task: The most suitable downstream role for this scenario is **Mathematical Analyst_CLMo**. This role specializes in pension calculations and will systematically identify key variables, perform step-by-step calculations, and provide the final annual pension amount Marcy will receive after quitting, formatted appropriately.
[BROKER-EMBEDDING] Top-1 (Threshold 0.3): ['Mathematical Analyst_CLMo']
[BROKER] Predicted next task: As the Inspector, I will evaluate the mathematical analysis and code provided by previous agents. My role involves verifying the correctness of the logic and calculations, ensuring that the code aligns with the solution analysis. I will also provide a step-by-step solving process based on the hints given. My final output will present the result succinctly, without any units.
[BROKER-EMBEDDING] Top-1 (Threshold 0.3): ['Inspector_SSVv']
[BROKER] Predicted next task: The most suitable downstream role is **Inspector_SSVv**. This role involves verifying the logic and calculations provided by the Mathematical Analyst, ensuring the analysis is correct, and confirming that the final result aligns with the calculations. The Inspector will also provide a step-by-step solving process based on the hints given, culminating in a concise final result.
[BROKER-EMBEDDING] Top-1 (Threshold 0.3): ['Inspector_SSVv']
[BROKER] Predicted next task: As a downstream agent, I will analyze mathematical scenarios or problems based on previous outputs. I can either solve math problems step-by-step, focusing on real-world applications, or integrate programming solutions using Python code. My role involves clear calculations or coding functions to derive final results, ensuring clarity and precision in the output.
[BROKER-EMBEDDING] Top-1 (Threshold 0.3): ['Math Solver_eXpt']
[BROKER] Predicted next task: The most suitable downstream role for this scenario is **Inspector_SSVv**. This role involves verifying the logic and calculations provided by the Mathematical Analyst, ensuring the analysis is correct, and confirming that the final result aligns with the calculations. The Inspector will provide a step-by-step breakdown of the reasoning process and conclude with the final result, ensuring accuracy and clarity in the solution.
[BROKER-EMBEDDING] Top-1 (Threshold 0.3): ['Inspector_SSVv']
[BROKER] Predicted next task: The most suitable downstream role is **Mathematical Analyst_CLMo**. This role focuses on breaking down the problem into its components, calculating the total hours spent on each activity per week, and multiplying by the number of weeks. It requires a clear presentation of the final result as a single number without any units, aligning perfectly with the previous agent's detailed verification of the calculations.
[BROKER-EMBEDDING] Top-1 (Threshold 0.3): ['Mathematical Analyst_CLMo']
[BROKER] Predicted next task: The most suitable downstream role for this scenario is **Inspector_SSVv**. This role involves verifying the logic and calculations provided by the previous agent, ensuring the analysis is correct, and confirming that the final result aligns with the calculations. The Inspector will also provide a step-by-step breakdown of the reasoning process based on the hints given, culminating in a final result without any units.
[BROKER-EMBEDDING] Top-1 (Threshold 0.3): ['Inspector_SSVv']
[BROKER] Predicted next task: The most suitable downstream role is [Mathematical Analyst_CLMo]. This role focuses on calculating the total number of participants from four schools in a basketball tournament, breaking down the problem step by step to identify the number of players and coaches per school, and summing these totals across all schools. The final result will be presented as a single number without any units.
[BROKER-EMBEDDING] Top-1 (Threshold 0.3): ['Mathematical Analyst_CLMo']
[BROKER] Predicted next task: As the next agent in the multi-agent system, I will take on the role of [Inspector_SSVv]. My responsibility is to verify the correctness of the mathematical analysis and calculations provided by the previous agent. I will ensure that the logic is sound and that the final result aligns with the calculations. I will also provide my own step-by-step solving process based on the hints given, culminating in a final result without any units.
[BROKER-EMBEDDING] Top-1 (Threshold 0.3): ['Inspector_SSVv']
[BROKER] Predicted next task: The most suitable downstream role is **Mathematical Analyst_CLMo**. This role involves defining variables for each type of gem, analyzing their relationships, and substituting values into equations to calculate the total number of gems. The analyst will present the final result as a single number without any units, ensuring clarity and precision in the solution process.
[BROKER-EMBEDDING] Top-1 (Threshold 0.3): ['Mathematical Analyst_CLMo']
[BROKER] Predicted next task: The most suitable downstream role is **Inspector_SSVv**. This role involves verifying the logic and calculations provided by the Mathematical Analyst, ensuring the analysis is correct, and confirming that the final result aligns with the calculations. The Inspector will also provide a step-by-step solving process based on the hints given, culminating in a concise final result.
[BROKER-EMBEDDING] Top-1 (Threshold 0.3): ['Inspector_SSVv']
[BROKER] Predicted next task: The most suitable downstream role is **Mathematical Analyst_CLMo**. This role focuses on solving word problems involving ratios and division, which aligns perfectly with the task of calculating the number of boys, total students, and teachers based on the provided information. The analyst will systematically identify and compute each component, ensuring clarity and accuracy in the final result.
[BROKER-EMBEDDING] Top-1 (Threshold 0.3): ['Mathematical Analyst_CLMo']
[BROKER] Predicted next task: As the downstream role, I will act as the [Inspector_SSVv]. I will verify the logic and calculations provided by the Mathematical Analyst regarding Bailey's allowance problem. I will ensure that the steps taken to solve for the initial amount of money are correct and consistent with the mathematical principles involved. Finally, I will present the final result succinctly.
[BROKER-EMBEDDING] Top-1 (Threshold 0.3): ['Inspector_SSVv']
[BROKER] Predicted next task: The most suitable downstream role is [Mathematical Analyst_CLMo]. This role involves defining variables, calculating totals, setting up equations, and solving word problems in financial scenarios step by step. It aligns with the previous agent's analysis and provides a structured approach to arrive at the final result, which is presented as a single number without units.
[BROKER-EMBEDDING] Top-1 (Threshold 0.3): ['Math Solver_eXpt']
[BROKER] Predicted next task: The most suitable downstream role is **Inspector_SSVv**. This role involves verifying the accuracy of the mathematical analysis and calculations provided by the previous agent. The Inspector will ensure that the logic is sound and that the calculations align with the problem-solving process, ultimately confirming the final result.
[BROKER-EMBEDDING] Top-1 (Threshold 0.3): ['Inspector_SSVv']
[BROKER] Predicted next task: The most suitable downstream role is **Mathematical Analyst_CLMo**. This role focuses on calculating Judy's weekly earnings by systematically identifying the total number of classes, total students, and total earnings based on the provided data. It emphasizes clarity in the calculation process and presents the final result as a single number without any units, ensuring accuracy and straightforwardness in the analysis.
[BROKER-EMBEDDING] Top-1 (Threshold 0.3): ['Mathematical Analyst_CLMo']
[BROKER] Predicted next task: The most suitable downstream role for this scenario is [Inspector_SSVv]. This role involves verifying the logic and calculations provided by the Mathematical Analyst, ensuring the analysis is correct, and confirming that the final result aligns with the calculations. The Inspector will provide a step-by-step breakdown of the reasoning process and conclude with the final result, maintaining accuracy and clarity in the evaluation of the previous agent's output.
[BROKER-EMBEDDING] Top-1 (Threshold 0.3): ['Inspector_SSVv']
[BROKER] Predicted next task: The most suitable downstream role is **Mathematical Analyst_CLMo**. This role involves solving a problem related to the total number of instructions in two recipes by identifying the number of instructions in each recipe, calculating the total, and presenting the final result as a single number without any units. The previous agent's output has already confirmed the calculations, making this role appropriate for summarizing and presenting the final answer.
[BROKER-EMBEDDING] Top-1 (Threshold 0.3): ['Mathematical Analyst_CLMo']
[BROKER] Predicted next task: The most suitable downstream role is **Inspector_SSVv**. This role involves verifying the correctness of the mathematical analysis and calculations provided by the previous agent. The Inspector will ensure that the logic is sound and that the calculations align with the problem-solving process, ultimately confirming the final result.
[BROKER-EMBEDDING] Top-1 (Threshold 0.3): ['Inspector_SSVv']
[BROKER] Predicted next task: The most suitable downstream role is **Mathematical Analyst_CLMo**. This role focuses on calculating total revenue by identifying variables, applying the correct formula, and providing the final result without any units. The previous agent has already verified the calculations, making this role ideal for summarizing the findings succinctly.
[BROKER-EMBEDDING] Top-1 (Threshold 0.3): ['Mathematical Analyst_CLMo']
[BROKER] Predicted next task: The most suitable downstream role is **Inspector_SSVv**. This role involves verifying the accuracy of the mathematical analysis and calculations provided by the previous agent. The Inspector will ensure that the logic is sound and that the final result aligns with the calculations, providing a step-by-step breakdown of the reasoning process. The final output will present the result clearly and concisely.
[BROKER-EMBEDDING] Top-1 (Threshold 0.3): ['Inspector_SSVv']
[BROKER] Predicted next task: The most suitable downstream role is **Mathematical Analyst_CLMo**. This role specializes in financial analysis and installment calculations, providing a clear breakdown of the total cost, interest, and monthly payments. It emphasizes step-by-step calculations and presents the final result as a single number without units, aligning perfectly with the verified outputs from the previous agent.
[BROKER-EMBEDDING] Top-1 (Threshold 0.3): ['Math Solver_eXpt']
[BROKER] Predicted next task: The most suitable downstream role is [Inspector_SSVv]. This role involves verifying the accuracy of the mathematical analysis and calculations provided by the previous agent. The Inspector will ensure that the rounding of prices, revenue calculations, and final total are correct, and will provide a step-by-step explanation of the process. The final output will present the total revenue succinctly.
[BROKER-EMBEDDING] Top-1 (Threshold 0.3): ['Inspector_SSVv']
[BROKER] Predicted next task: The most suitable downstream role for this task is **Mathematical Analyst_CLMo**. This role focuses on analyzing financial calculations, specifically rounding flower prices and calculating total revenue based on those prices. The agent will present the final total revenue as a single number without any units, aligning perfectly with the previous outputs and the requirements of the task.
[BROKER-EMBEDDING] Top-1 (Threshold 0.3): ['Mathematical Analyst_CLMo']
[BROKER] Predicted next task: The most suitable downstream role is **Inspector_SSVv**. This role involves verifying the calculations and logic provided by the Mathematical Analyst regarding the square footage of the sandcastle levels. The Inspector will ensure that the analysis is correct and that the final average square footage is accurately derived from the calculations. The output will include a step-by-step verification process, culminating in the final result.
[BROKER-EMBEDDING] Top-1 (Threshold 0.3): ['Inspector_SSVv']
[BROKER] Predicted next task: The most suitable downstream role is **Mathematical Analyst_CLMo**. This role involves analyzing the problem of calculating square footage for multiple levels of a sandcastle, step by step. It requires calculating the square footage for each level, finding the total square footage, and determining the average across all levels, ultimately presenting the final average as a single number without any units.
[BROKER-EMBEDDING] Top-1 (Threshold 0.3): ['Mathematical Analyst_CLMo']
[BROKER] Predicted next task: The most suitable downstream role for this scenario is **Inspector_SSVv**. This role involves verifying the calculations and logic provided by the Mathematical Analyst regarding the total amount of dog food needed for the puppy. The Inspector will ensure that the analysis is correct and that the final result aligns with the calculations presented.
[BROKER-EMBEDDING] Top-1 (Threshold 0.3): ['Inspector_SSVv']
[BROKER] Predicted next task: The most suitable downstream role for this task is **Mathematical Analyst_CLMo**. This role specializes in real-life applications of mathematics and is tasked with breaking down the calculation of the total amount of dog food needed for Cecilia's puppy into clear parts, summing the amounts, and converting the total into the number of bags required. The final result will be presented as a single number without any units, aligning perfectly with the previous agent's detailed calculations.
[BROKER-EMBEDDING] Top-1 (Threshold 0.3): ['Mathematical Analyst_CLMo']
[BROKER] Predicted next task: As an Inspector, I will verify the logic and calculations provided by previous agents in solving the math problem. I will ensure that the relationships and equations are correctly applied and that the final result aligns with the analysis. My output will include a step-by-step breakdown of the reasoning process, culminating in the final answer without any units.
[BROKER-EMBEDDING] Top-1 (Threshold 0.3): ['Inspector_SSVv']
[BROKER] Predicted next task: The most suitable downstream role is **Mathematical Analyst_CLMo**. This role involves defining variables, establishing relationships, substituting known values, and calculating the difference between quantities. It requires a systematic approach to solving the problem based on the hints provided by previous agents, ultimately presenting the final result as a single number without any units.
[BROKER-EMBEDDING] Top-1 (Threshold 0.3): ['Math Solver_eXpt']
[BROKER] Predicted next task: The most suitable downstream role is **Inspector_SSVv**. This role involves verifying the logic and calculations provided by the Mathematical Analyst, ensuring the analysis is correct, and confirming that the conclusions drawn about Vincent's savings are accurate. The Inspector will also provide a step-by-step solving process based on the hints given, culminating in a final result.
[BROKER-EMBEDDING] Top-1 (Threshold 0.3): ['Inspector_SSVv']
[BROKER] Predicted next task: The most suitable downstream role for this scenario is **Mathematical Analyst_CLMo**. This role specializes in cost analysis, requiring a step-by-step calculation of total costs for both packaging options, followed by a comparison to determine savings. The agent will present the calculations clearly and conclude with the final savings amount, ensuring accuracy and clarity in the analysis.
[BROKER-EMBEDDING] Top-1 (Threshold 0.3): ['Mathematical Analyst_CLMo']
[BROKER] Predicted next task: The most suitable downstream role is **Inspector_SSVv**. This role involves verifying the correctness of the mathematical analysis and calculations provided by the previous agent. The Inspector will ensure that the logic is sound and that the final result aligns with the calculations presented, providing a step-by-step reasoning process to confirm the accuracy of the solution. The final output will include only the result without any units.
[BROKER-EMBEDDING] Top-1 (Threshold 0.3): ['Inspector_SSVv']
[BROKER] Predicted next task: The most suitable downstream role for this scenario is **Mathematical Analyst_CLMo**. This role specializes in percentage calculations, which aligns perfectly with the task of determining the final grooming cost after applying a discount. The agent will identify the original cost and discount percentage, calculate the discount amount, and present the final result as a single number without any units.
[BROKER-EMBEDDING] Top-1 (Threshold 0.3): ['Mathematical Analyst_CLMo']
[baseline] acc=0.950 (76/80) leak=0.54 prog_pubs=4 cost=$0.1954
[BROKER] Predicted next task: The single most important capability still missing is independent verification of the calculations performed by the previous agents. The best-suited role to provide this verification is the Inspector_oFNr. This role will recompute the answer using a different method, ensuring accuracy and reliability of the final result.
[BROKER-EMBEDDING] Top-1 (Threshold 0.3): ['Inspector_oFNr']
[BROKER] Predicted next task: The most important capability still missing is the ability to perform exact calculations and verify the economic implications of Janet's egg production and sales. The best-suited role to provide this is the **Math Solver_MNNi**, as it can execute the necessary mathematical operations step by step, ensuring accuracy in the revenue calculations and addressing any potential inconsistencies highlighted by the Inspector.
[BROKER-EMBEDDING] Top-1 (Threshold 0.3): ['Mathematical Analyst_3YnX']
[BROKER] Predicted next task: The single most important capability still missing is independent verification of the calculations regarding the total number of bolts of fiber required for the robe. The best-suited role to provide this verification is the **Inspector_oFNr**, as it will independently re-derive the answer using a different method, ensuring accuracy and consistency with the previous analysis.
[BROKER-EMBEDDING] Top-1 (Threshold 0.3): ['Inspector_oFNr']
[BROKER] Predicted next task: The single most important capability still missing is the ability to perform exact calculations and provide a final numerical result based on the established relationships. The best-suited downstream role to provide this capability is the **Math Solver_MNNi**, as it specializes in solving math problems step by step and can deliver the final answer succinctly.
[BROKER-EMBEDDING] Top-1 (Threshold 0.3): ['Math Solver_MNNi']
[BROKER] Predicted next task: The single most important capability still missing is independent verification of the profit calculation. The best-suited role to provide this is the Inspector_oFNr, as it will recompute the answer using a different method, ensuring accuracy and reliability of the result. This role will independently derive the answer from the original problem, providing a fresh perspective on the calculations.
[BROKER-EMBEDDING] Top-1 (Threshold 0.3): ['Inspector_oFNr']
[BROKER] Predicted next task: The single most important capability still missing is the ability to perform exact calculations and provide verification of the financial analysis. The best-suited role to provide this capability is the **Programming Expert_Ke5Y**, as this agent can integrate step-by-step reasoning with Python code to solve the mathematical problems related to Josh's house flipping scenario, ensuring accurate calculations and verification of the profit determination process.
[BROKER-EMBEDDING] Top-1 (Threshold 0.3): ['Mathematical Analyst_3YnX']
[BROKER] Predicted next task: The single most important capability still missing is independent verification of the calculated total distance run in a week. The best-suited role to provide this verification is the Inspector_oFNr. This role will recompute the answer using a different method, ensuring accuracy and reliability of the result.
[BROKER-EMBEDDING] Top-1 (Threshold 0.3): ['Inspector_oFNr']
[BROKER] Predicted next task: The single most important capability still missing is the ability to execute code for independent verification of the calculations. The best-suited role to provide this capability is the **Programming Expert_Ke5Y**, as this agent can integrate the reasoning and calculations into Python code, allowing for precise execution and validation of the results.
[BROKER-EMBEDDING] Top-1 (Threshold 0.3): ['Math Solver_MNNi']
[BROKER] Predicted next task: The single most important capability still missing is the independent verification of the total daily feed requirement and the final meal calculation. The best-suited role to provide this verification is the **Inspector_oFNr**. This role will recompute the answer independently using a different method, ensuring accuracy and confirming the results derived by the previous agents.
[BROKER-EMBEDDING] Top-1 (Threshold 0.3): ['Inspector_oFNr']
[BROKER] Predicted next task: The single most important capability still missing is the ability to perform exact verification of the feeding plan calculations. The best-suited downstream role to provide this verification is the **Math Solver_MNNi**, as it can systematically solve the mathematical problem of total feed requirements and ensure that the calculations align with the daily needs of the chickens, confirming the accuracy of Wendi's feeding distribution.
[BROKER-EMBEDDING] Top-1 (Threshold 0.3): ['Mathematical Analyst_3YnX']
[BROKER] Predicted next task: The single most important capability still missing is independent verification of the total cost calculation. The best-suited role to provide this verification is the Inspector_oFNr. This role will recompute the answer using a different method, ensuring accuracy and identifying any discrepancies in the previous solution.
[BROKER-EMBEDDING] Top-1 (Threshold 0.3): ['Inspector_oFNr']
[BROKER] Predicted next task: The single most important capability still missing is the ability to execute code for exact verification of the pricing calculations. The best-suited downstream role to provide this capability is the **Programming Expert_Ke5Y**, as they can integrate the mathematical analysis into a Python function to compute the total cost programmatically, ensuring accuracy and providing a definitive answer.
[BROKER-EMBEDDING] Top-1 (Threshold 0.3): ['Programming Expert_Ke5Y']
[BROKER] Predicted next task: The single most important capability still missing is independent verification of the total number of sheep calculated by the previous agent. The best-suited role to provide this verification is the **Inspector_oFNr**. This role will recompute the answer using a different method, ensuring accuracy and reliability of the result.
[BROKER-EMBEDDING] Top-1 (Threshold 0.3): ['Inspector_oFNr']
[BROKER] Predicted next task: The single most important capability still missing is independent verification of the calculations and relationships regarding the sheep counts. The best-suited role to provide this verification is the **Programming Expert_Ke5Y**, as they can integrate the reasoning and calculations into Python code, ensuring accuracy through execution and providing a definitive answer.
[BROKER-EMBEDDING] Top-1 (Threshold 0.3): ['Mathematical Analyst_3YnX']
[BROKER] Predicted next task: The single most important capability still missing is independent verification of the total download time calculation. The best-suited role to provide this verification is the **Inspector_oFNr**. This role will recompute the answer using a different method, ensuring accuracy and identifying any discrepancies in the previous analysis.
[BROKER-EMBEDDING] Top-1 (Threshold 0.3): ['Inspector_oFNr']
[BROKER] Predicted next task: The single most important capability still missing is independent verification of the calculations and logical flow regarding the download scenario. The best-suited downstream role to provide this verification is the **Mathematical Analyst_3YnX**. This role specializes in time-based problem analysis, ensuring clarity in variable representation and confirming the accuracy of interruption timing and its effect on overall download duration without performing calculations.
[BROKER-EMBEDDING] Top-1 (Threshold 0.3): ['Mathematical Analyst_3YnX']
[BROKER] Predicted next task: The most important capability still missing is independent verification of the calculations performed in the analysis. The best-suited role to provide this verification is the Inspector_oFNr. This role will recompute the answer using a different method, ensuring the accuracy of the final result and confirming the logical consistency of the problem-solving process.
[BROKER-EMBEDDING] Top-1 (Threshold 0.3): ['Inspector_oFNr']
[BROKER] Predicted next task: The single most important capability still missing is the ability to perform independent and exact verification of the calculations related to John's journey. The best-suited downstream role to provide this verification is the **Programming Expert_Ke5Y**, as this role can integrate the analysis into a Python function to execute the calculations and confirm the final result programmatically.
[BROKER-EMBEDDING] Top-1 (Threshold 0.3): ['Math Solver_MNNi']
[BROKER] Predicted next task: The single most important capability still missing is the ability to independently verify the calculations for Eliza's total earnings. The best-suited downstream role to provide this verification is the **Inspector_oFNr**. This role will recompute the earnings using a different method, ensuring accuracy and identifying any discrepancies in the previous analysis.
[BROKER-EMBEDDING] Top-1 (Threshold 0.3): ['Inspector_oFNr']
[BROKER] Predicted next task: The single most important capability still missing is the ability to perform exact calculations based on the outlined methodology for Eliza's earnings. The best-suited downstream role to provide this verification is the **Math Solver_MNNi**, as it specializes in solving math problems step by step and can ensure the accuracy of the payroll calculations without ambiguity.
[BROKER-EMBEDDING] Top-1 (Threshold 0.3): ['Math Solver_MNNi']
[BROKER] Predicted next task: The single most important capability still missing is independent verification of the calculations provided by the Mathematical Analyst. The best-suited role to provide this verification is the Inspector_oFNr. This role will recompute the total downloads using a different method, ensuring accuracy and identifying any discrepancies in the previous analysis.
[BROKER-EMBEDDING] Top-1 (Threshold 0.3): ['Inspector_oFNr']
[BROKER] Predicted next task: The single most important capability still missing is the ability to perform exact numerical calculations based on the relationships and calculations outlined by the Inspector. The best-suited downstream role to provide this capability is the **Math Solver_MNNi**, as it specializes in solving math problems step by step and can deliver the final numerical result needed to verify the download metrics.
[BROKER-EMBEDDING] Top-1 (Threshold 0.3): ['Math Solver_MNNi']
[BROKER] Predicted next task: The single most important capability still missing is independent verification of the total cost calculation. The best-suited role to provide this verification is the **Inspector_oFNr**. This role will recompute the total cost using a different method, ensuring accuracy and identifying any discrepancies in the previous calculations.
[BROKER-EMBEDDING] Top-1 (Threshold 0.3): ['Inspector_oFNr']
[BROKER] Predicted next task: The most important capability still missing is the ability to programmatically verify the calculations and provide a definitive answer through code execution. The best-suited role for this is the **Programming Expert_Ke5Y**, as this agent can integrate the arithmetic reasoning and implement it in Python code to ensure accuracy and provide a final result.
[BROKER-EMBEDDING] Top-1 (Threshold 0.3): ['Math Solver_MNNi']
[BROKER] Predicted next task: The single most important capability still missing is the ability to perform exact calculations to determine the profitability timeline for Carlos's lemon tree investment. The best-suited downstream role to provide this verification is the **Math Solver_MNNi**, as it can systematically solve the mathematical problem step by step based on the analysis provided, ensuring accurate results.
[BROKER-EMBEDDING] Top-1 (Threshold 0.3): ['Math Solver_MNNi']
[BROKER] Predicted next task: The single most important capability still missing is independent verification of the financial analysis provided by the Math Solver. The best-suited role to provide this verification is the **Inspector_oFNr**. This role will independently re-derive the calculations related to Carlos's lemon tree investment, ensuring accuracy and identifying any discrepancies in the previous analysis.
[BROKER-EMBEDDING] Top-1 (Threshold 0.3): ['Inspector_oFNr']
[BROKER] Predicted next task: The single most important capability still missing is independent verification of the solution. The best-suited role to provide this is the **Inspector_oFNr**. This role will independently re-derive the answer using a different method, ensuring the accuracy of the result and confirming whether the previous agent's conclusion is correct.
[BROKER-EMBEDDING] Top-1 (Threshold 0.3): ['Inspector_oFNr']
[BROKER] Predicted next task: The single most important capability still missing is the ability to independently verify the mathematical solution through code execution. The best-suited downstream role to provide this capability is the **Programming Expert_Ke5Y**. This role can integrate the reasoning and derived equations into a Python function, allowing for precise calculation and verification of the final result.
[BROKER-EMBEDDING] Top-1 (Threshold 0.3): ['Math Solver_MNNi']
[BROKER] Predicted next task: The single most important capability still missing is the ability to perform independent and exact verification of the calculations regarding student enrollments. The best-suited role to provide this verification is the **Inspector_oFNr**. This role will recompute the enrollments using a different method, ensuring accuracy and identifying any discrepancies in the previous calculations.
[BROKER-EMBEDDING] Top-1 (Threshold 0.3): ['Inspector_oFNr']
[BROKER] Predicted next task: The single most important capability still missing is the ability to perform exact numerical calculations to verify the enrollment percentages derived from the analysis. The best-suited downstream role to provide this capability is the **Math Solver_MNNi**, as it specializes in solving math problems step by step based on provided hints, ensuring accurate calculations and final results.
[BROKER-EMBEDDING] Top-1 (Threshold 0.3): ['Math Solver_MNNi']
[BROKER] Predicted next task: The most important missing capability is independent verification of the comparative analysis provided by the Mathematical Analyst. The best-suited downstream role to provide this verification is the Inspector_oFNr. This role will independently re-derive the conclusions using a different method, ensuring accuracy and reliability in the analysis of the jewelry and electronic gadgets purchase plans.
[BROKER-EMBEDDING] Top-1 (Threshold 0.3): ['Inspector_oFNr']
[BROKER] Predicted next task: The most important capability still missing is independent verification of the comparative profitability of the jewelry and electronic gadgets purchase plans. The best-suited role to provide this verification is the **Mathematical Analyst_3YnX**, as they specialize in evaluating potential profitability based on market trends and projected growth rates, ensuring a thorough understanding of market dynamics and risk assessment without performing calculations.
[BROKER-EMBEDDING] Top-1 (Threshold 0.3): ['Mathematical Analyst_3YnX']
[BROKER] Predicted next task: The single most important capability still missing is independent verification of the total distance calculation. The best-suited role to provide this verification is the **Inspector_oFNr**. This role will recompute the answer using a different method, ensuring accuracy and confirming the results derived by the previous agents.
[BROKER-EMBEDDING] Top-1 (Threshold 0.3): ['Inspector_oFNr']
[BROKER] Predicted next task: The single most important capability still missing is the ability to perform exact calculations based on the logical analysis provided. The best-suited downstream role to provide this capability is the **Math Solver_MNNi**, as it specializes in solving math problems step by step based on hints and logical reasoning, ensuring accurate numerical results.
[BROKER-EMBEDDING] Top-1 (Threshold 0.3): ['Math Solver_MNNi']
[BROKER] Predicted next task: The single most important capability still missing is independent verification of the calculated total annual salary. The best-suited role to provide this verification is the **Inspector_oFNr**. This role will recompute the answer using a different method, ensuring accuracy and reliability of the result without restating the previous solution.
[BROKER-EMBEDDING] Top-1 (Threshold 0.3): ['Inspector_oFNr']
[BROKER] Predicted next task: The single most important capability still missing is the ability to execute the verification calculations independently and accurately. The best-suited downstream role to provide this capability is the **Programming Expert_Ke5Y**, as they can integrate the mathematical analysis into executable Python code, ensuring precise calculations and verification of Jill's total annual salary based on her dual roles.
[BROKER-EMBEDDING] Top-1 (Threshold 0.3): ['Mathematical Analyst_3YnX']
[BROKER] Predicted next task: The single most important capability still missing is independent verification of the calculations provided by the Mathematical Analyst. The best-suited role to provide this verification is the Inspector_oFNr. This role will recompute the answer independently using a different method, ensuring accuracy and reliability of the final result.
[BROKER-EMBEDDING] Top-1 (Threshold 0.3): ['Inspector_oFNr']
[BROKER] Predicted next task: The single most important capability still missing is the execution of precise calculations to verify the total egg consumption and conversion to dozens. The best-suited downstream role to provide this verification is the **Programming Expert_Ke5Y**, as this role can integrate the logical analysis provided by previous agents into a Python function that performs the necessary calculations and returns the final result.
[BROKER-EMBEDDING] Top-1 (Threshold 0.3): ['Math Solver_MNNi']
[BROKER] Predicted next task: The most important capability still missing is independent verification of the solution through a different method. The best-suited role for this is the Inspector_oFNr, as it will recompute the answer independently, ensuring accuracy and providing a fresh perspective on the problem-solving process. This role will confirm the correctness of the previous analysis or identify any discrepancies.
[BROKER-EMBEDDING] Top-1 (Threshold 0.3): ['Inspector_oFNr']
[BROKER] Predicted next task: The single most important capability still missing is the ability to execute code for precise verification of the calculations regarding Marissa's required speed. The best-suited downstream role to provide this capability is the **Programming Expert_Ke5Y**, as this role can integrate the analysis into a Python function to compute the required speed accurately and return the final result.
[BROKER-EMBEDDING] Top-1 (Threshold 0.3): ['Mathematical Analyst_3YnX']
[BROKER] Predicted next task: The most important capability still missing is independent verification of the calculations performed by the Mathematical Analyst. The best-suited role to provide this verification is the Inspector_oFNr. This role will recompute the arithmetic steps independently, ensuring accuracy and identifying any discrepancies in the results derived from the previous analysis.
[BROKER-EMBEDDING] Top-1 (Threshold 0.3): ['Inspector_oFNr']
[BROKER] Predicted next task: The single most important capability still missing is the ability to perform exact numerical verification of the calculations related to the water content in the mixed beverages. The best-suited role to provide this capability is the **Math Solver_MNNi**, as it specializes in solving math problems step by step based on provided hints, ensuring accurate numerical results.
[BROKER-EMBEDDING] Top-1 (Threshold 0.3): ['Math Solver_MNNi']
[BROKER] Predicted next task: The single most important capability still missing is independent verification of the calculations regarding the ages. The best-suited role to provide this verification is the **Inspector_oFNr**. This role will recompute the ages and relationships using a different method, ensuring accuracy and identifying any discrepancies in the previous analysis.
[BROKER-EMBEDDING] Top-1 (Threshold 0.3): ['Inspector_oFNr']
[BROKER] Predicted next task: The single most important capability still missing is the ability to execute code for precise verification of the calculations regarding ages and relationships. The best-suited downstream role to provide this capability is the **Programming Expert_Ke5Y**, as this agent can integrate the reasoning and perform the necessary calculations through Python code, ensuring accurate results.
[BROKER-EMBEDDING] Top-1 (Threshold 0.3): ['Mathematical Analyst_3YnX']
[BROKER] Predicted next task: The single most important capability still missing is independent verification of the total number of DVDs sold. The best-suited role to provide this verification is the **Inspector_oFNr**. This role will recompute the answer using a different method, ensuring accuracy and confirming the result derived by the previous agent.
[BROKER-EMBEDDING] Top-1 (Threshold 0.3): ['Inspector_oFNr']
[BROKER] Predicted next task: The single most important capability still missing is the ability to execute code for independent verification of the sales calculations. The best-suited downstream role to provide this capability is the **Programming Expert_Ke5Y**, as this agent can integrate the analysis and write Python code to compute the total sales, ensuring accuracy through execution.
[BROKER-EMBEDDING] Top-1 (Threshold 0.3): ['Mathematical Analyst_3YnX']
[BROKER] Predicted next task: The single most important capability still missing is independent verification of the calculation. The best-suited role to provide this is the **Inspector_oFNr**. This role will recompute the answer using a different method, ensuring accuracy and validating the previous agent's result.
[BROKER-EMBEDDING] Top-1 (Threshold 0.3): ['Inspector_oFNr']
[BROKER] Predicted next task: The single most important capability still missing is the independent verification of the assumptions regarding the melting rate and its consistency over time. The best-suited role to provide this verification is the **Mathematical Analyst_3YnX**, as they specialize in time-based rate problems and can ensure the accuracy of the time intervals and the implications of the melting rate on the candle's total melting.
[BROKER-EMBEDDING] Top-1 (Threshold 0.3): ['Mathematical Analyst_3YnX']
[BROKER] Predicted next task: The single most important capability still missing is independent verification of the solution to ensure accuracy. The best-suited role for this is the **Inspector_oFNr**, as it will recompute the answer using a different method, providing an independent check on the previous analysis and ensuring the correctness of the final result.
[BROKER-EMBEDDING] Top-1 (Threshold 0.3): ['Inspector_oFNr']
[BROKER] Predicted next task: The single most important capability still missing is the ability to perform exact calculations and provide a definitive answer based on the analysis. The best-suited downstream role to provide this capability is the **Programming Expert_Ke5Y**, as this role can integrate the reasoning and analysis into a Python function to compute the original price accurately.
[BROKER-EMBEDDING] Top-1 (Threshold 0.3): ['Mathematical Analyst_3YnX']
[BROKER] Predicted next task: The most important capability still missing is independent verification of the calculations performed by the previous agent. The best-suited role to provide this verification is the **Inspector_oFNr**. This role will recompute the answer using a different method, ensuring accuracy and confirming the correctness of the previous solution.
[BROKER-EMBEDDING] Top-1 (Threshold 0.3): ['Inspector_oFNr']
[BROKER] Predicted next task: The most important capability still missing is the independent verification of the division calculation for the number of boxes of pizza ordered. The best-suited role to provide this verification is the **Math Solver_MNNi**, as it specializes in solving math problems step by step and can confirm whether the division yields a whole number, ensuring the accuracy of the conclusion regarding the number of boxes ordered.
[BROKER-EMBEDDING] Top-1 (Threshold 0.3): ['Math Solver_MNNi']
[BROKER] Predicted next task: The single most important capability still missing is independent verification of the total cost calculation. The best-suited role to provide this is the **Inspector_oFNr**. This role will recompute the total cost using a different method, ensuring accuracy and validating the results obtained by the previous agents.
[BROKER-EMBEDDING] Top-1 (Threshold 0.3): ['Inspector_oFNr']
[BROKER] Predicted next task: The single most important capability still missing is the ability to perform exact calculations and provide a final numerical result based on the analysis of Mishka's clothing purchases. The best-suited downstream role to provide this capability is the **Programming Expert_Ke5Y**, as this role can integrate the reasoning and calculations into a Python function, ensuring accurate execution and verification of the total expenditure.
[BROKER-EMBEDDING] Top-1 (Threshold 0.3): ['Mathematical Analyst_3YnX']
[BROKER] Predicted next task: The single most important capability still missing is the ability to perform exact calculations and provide verification of the analysis done by the Mathematical Analyst. The best-suited downstream role to provide this verification is the **Math Solver_MNNi**, as it can take the hints and reasoning provided and execute the necessary calculations step by step to arrive at the final result.
[BROKER-EMBEDDING] Top-1 (Threshold 0.3): ['Math Solver_MNNi']
[BROKER] Predicted next task: The single most important capability still missing is the ability to perform exact calculations to determine the number of cartons Cynthia needs and her total expenditure. The best-suited downstream role to provide this capability is the **Programming Expert_Ke5Y**, as they can integrate step-by-step reasoning and Python code to solve the math problem accurately. This role will ensure precise calculations based on the logical relationships established by the previous agents.
[BROKER-EMBEDDING] Top-1 (Threshold 0.3): ['Inspector_oFNr']
[BROKER] Predicted next task: The single most important capability still missing is independent verification of the calculated distance between stops. The best-suited role to provide this verification is the **Inspector_oFNr**. This role will recompute the answer using a different method, ensuring accuracy and confirming the result derived by the previous agent.
[BROKER-EMBEDDING] Top-1 (Threshold 0.3): ['Inspector_oFNr']
[BROKER] Predicted next task: The single most important capability still missing is the ability to perform exact calculations to verify the distances between stops. The best-suited downstream role to provide this capability is the **Programming Expert_Ke5Y**, as this role can integrate the analysis with Python code to compute the required distances accurately and ensure the logical flow is implemented correctly through code execution.
[BROKER-EMBEDDING] Top-1 (Threshold 0.3): ['Mathematical Analyst_3YnX']
[BROKER] Predicted next task: The single most important capability still missing is independent verification of the solution. The best-suited role to provide this is the Inspector_oFNr, as it will recompute the answer using a different method, ensuring accuracy and validating the previous agent's findings. This role will independently derive the solution to confirm the correctness of the cost of the boots.
[BROKER-EMBEDDING] Top-1 (Threshold 0.3): ['Inspector_oFNr']
[BROKER] Predicted next task: The single most important capability still missing is the ability to perform exact calculations and provide a definitive answer based on the established relationships. The best-suited downstream role to provide this capability is the **Math Solver_MNNi**, as it specializes in solving math problems step by step and can deliver the final result succinctly.
[BROKER-EMBEDDING] Top-1 (Threshold 0.3): ['Math Solver_MNNi']
[BROKER] Predicted next task: The most important capability still missing is independent verification of the solution. The best-suited role to provide this is the **Inspector_oFNr**, as it will independently re-derive the answer using a different method, ensuring accuracy and validating the previous calculations. This role will help confirm whether Allen's age 10 years from now is indeed 109, or if there are discrepancies that need to be addressed.
[BROKER-EMBEDDING] Top-1 (Threshold 0.3): ['Inspector_oFNr']
[BROKER] Predicted next task: The single most important capability still missing is independent verification of the calculations and their implications regarding age. The best-suited role to provide this verification is the **Mathematical Analyst_3YnX**. This role specializes in analyzing age-related problems, ensuring clarity in the representation of variables, and confirming the accuracy of ratios and total ages before proceeding with calculations.
[BROKER-EMBEDDING] Top-1 (Threshold 0.3): ['Mathematical Analyst_3YnX']
[BROKER] Predicted next task: The single most important capability still missing is independent verification of the average guess calculation. The best-suited role to provide this is the **Inspector_oFNr**. This role will independently re-derive the answer using a different method, ensuring accuracy and validating the previous agent's output.
[BROKER-EMBEDDING] Top-1 (Threshold 0.3): ['Inspector_oFNr']
[BROKER] Predicted next task: The single most important capability still missing is the ability to provide independent verification of the calculations and interpretations made regarding the average guess. The best-suited downstream role for this is the **Mathematical Analyst_3YnX**, as they specialize in statistical estimation and can ensure clarity in the relationships between the guesses, verifying the logical consistency before proceeding with any calculations.
[BROKER-EMBEDDING] Top-1 (Threshold 0.3): ['Mathematical Analyst_3YnX']
[BROKER] Predicted next task: The single most important capability still missing is independent verification of the calculations performed by the Mathematical Analyst. The best-suited downstream role to provide this verification is the Inspector_oFNr. This role will independently re-derive the answer using a different method, ensuring accuracy and confirming the correctness of the previous calculations without restating or paraphrasing the prior solution.
[BROKER-EMBEDDING] Top-1 (Threshold 0.3): ['Inspector_oFNr']
[BROKER] Predicted next task: The single most important capability still missing is the ability to perform exact calculations based on the analysis provided. The best-suited downstream role to provide this capability is the **Programming Expert_Ke5Y**, as this role can integrate the logical reasoning from the Inspector's analysis into executable Python code, allowing for precise calculations of the time John spends on dog care.
[BROKER-EMBEDDING] Top-1 (Threshold 0.3): ['Mathematical Analyst_3YnX']
[BROKER] Predicted next task: The single most important capability still missing is independent verification of the solution. The best-suited role to provide this is the **Inspector_oFNr**. This role will re-derive the answer using a different method, ensuring the correctness of the previous agent's conclusion regarding the number of gold coins. This independent verification is crucial to confirm the accuracy of the solution.
[BROKER-EMBEDDING] Top-1 (Threshold 0.3): ['Inspector_oFNr']
[BROKER] Predicted next task: The single most important capability still missing is the ability to execute code for independent verification of the mathematical solution. The best-suited downstream role to provide this capability is the **Programming Expert_Ke5Y**, as this agent can integrate the reasoning and calculations into a Python function, allowing for precise execution and confirmation of the final result.
[BROKER-EMBEDDING] Top-1 (Threshold 0.3): ['Math Solver_MNNi']
[BROKER] Predicted next task: The single most important capability still missing is independent verification of the calculations performed by the Mathematical Analyst. The best-suited role to provide this verification is the Inspector_oFNr. This role will recompute the answer using a different method, ensuring accuracy and reliability of the result.
[BROKER-EMBEDDING] Top-1 (Threshold 0.3): ['Inspector_oFNr']
[BROKER] Predicted next task: The single most important capability still missing is the execution of calculations to derive the final jewel counts for Aaron and Siobhan based on the established relationships. The best-suited downstream role to provide this capability is the **Math Solver_MNNi**, as it specializes in solving mathematical problems step by step and can verify the results based on the logical reasoning provided by the previous agents.
[BROKER-EMBEDDING] Top-1 (Threshold 0.3): ['Mathematical Analyst_3YnX']
[BROKER] Predicted next task: The single most important capability still missing is independent verification of the total points scored by Mike. The best-suited role to provide this verification is the Inspector_oFNr. This role will recompute the answer using a different method, ensuring accuracy and confirming the correctness of the previous analysis without restating it.
[BROKER-EMBEDDING] Top-1 (Threshold 0.3): ['Inspector_oFNr']
[BROKER] Predicted next task: The single most important capability still missing is the ability to independently verify the calculations and reasoning provided by the previous agents. The best-suited role to provide this verification is the **Math Solver_MNNi**, as it specializes in solving math problems step by step based on hints and ensuring the accuracy of the final result. This role can confirm the correctness of the calculations related to Mike's ping pong scoring scenario.
[BROKER-EMBEDDING] Top-1 (Threshold 0.3): ['Math Solver_MNNi']
[BROKER] Predicted next task: The single most important capability still missing is independent verification of the calculations regarding Terry's yogurt consumption and costs. The best-suited role to provide this verification is the **Inspector_oFNr**. This role will recompute the answer using a different method, ensuring accuracy and consistency with the original problem, while also flagging any discrepancies if they arise.
[BROKER-EMBEDDING] Top-1 (Threshold 0.3): ['Inspector_oFNr']
[BROKER] Predicted next task: The single most important capability still missing is the ability to perform exact calculations and provide verification through code execution. The best-suited downstream role for this is the **Programming Expert_Ke5Y**, as this role can integrate the analysis and calculations into a Python function, ensuring accuracy and providing a definitive answer through code execution.
[BROKER-EMBEDDING] Top-1 (Threshold 0.3): ['Math Solver_MNNi']
[BROKER] Predicted next task: The most important capability still missing is independent verification of the calculations performed by the previous agent. The best-suited role to provide this verification is the Inspector_oFNr. This role will independently re-derive the answer using a different method, ensuring accuracy and consistency in the solution.
[BROKER-EMBEDDING] Top-1 (Threshold 0.3): ['Inspector_oFNr']
[BROKER] Predicted next task: The single most important capability still missing is the ability to perform exact calculations and verify the financial relationships outlined in the reasoning. The best-suited downstream role to provide this verification is the **Math Solver_MNNi**, as it can systematically solve the mathematical problem step by step based on the hints provided, ensuring accuracy in the calculations related to John's transactions.
[BROKER-EMBEDDING] Top-1 (Threshold 0.3): ['Math Solver_MNNi']
[BROKER] Predicted next task: The single most important capability still missing is the numerical calculation of John's running speed. The best-suited downstream role to provide this verification is the **Math Solver_MNNi**. This role will perform the step-by-step solving process based on the analysis provided, ensuring the accuracy of the final result.
[BROKER-EMBEDDING] Top-1 (Threshold 0.3): ['Math Solver_MNNi']
[BROKER] Predicted next task: The single most important capability still missing is the numerical calculation of John's running speed. The best-suited role to provide this verification is the **Programming Expert_Ke5Y**, as they can integrate the analysis into a Python function to compute the speed based on the provided distance and time, ensuring accurate execution of the calculations.
[BROKER-EMBEDDING] Top-1 (Threshold 0.3): ['Mathematical Analyst_3YnX']
[BROKER] Predicted next task: The most important capability still missing is independent verification of the calculations provided by the Mathematical Analyst. The best-suited role to provide this verification is the Inspector_oFNr, as it will independently re-derive the answer using a different method, ensuring accuracy and correctness of the final result.
[BROKER-EMBEDDING] Top-1 (Threshold 0.3): ['Inspector_oFNr']
[BROKER] Predicted next task: The single most important capability still missing is the ability to execute code for independent verification of the calculations. The best-suited downstream role to provide this capability is the Programming Expert_Ke5Y, as they can integrate the reasoning and calculations into Python code, ensuring accurate execution and validation of the results derived from the analysis.
[BROKER-EMBEDDING] Top-1 (Threshold 0.3): ['Math Solver_MNNi']
[BROKER] Predicted next task: The single most important capability still missing is independent verification of the mathematical analysis provided. The best-suited role to provide this verification is the **Inspector_oFNr**. This role will recompute the ages of the iPhones using a different method, ensuring the accuracy of the previous calculations and confirming the final result.
[BROKER-EMBEDDING] Top-1 (Threshold 0.3): ['Inspector_oFNr']
[BROKER] Predicted next task: The single most important capability still missing is the ability to execute code for exact verification of the calculations regarding the ages of the iPhones. The best-suited downstream role to provide this capability is the **Programming Expert_Ke5Y**, as this role can integrate the reasoning and calculations into Python code, ensuring accurate execution and verification of the results.
[BROKER-EMBEDDING] Top-1 (Threshold 0.3): ['Mathematical Analyst_3YnX']
[BROKER] Predicted next task: The single most important capability still missing is independent verification of the calculations regarding Polly's throwing distance and the dragon's reach. The best-suited role to provide this verification is the **Inspector_oFNr**. This role will independently re-derive the answer using a different method, ensuring accuracy and consistency with the previous analysis while flagging any discrepancies if they arise.
[BROKER-EMBEDDING] Top-1 (Threshold 0.3): ['Inspector_oFNr']
[BROKER] Predicted next task: The single most important capability still missing is independent verification of the calculations performed by the previous agents. The best-suited role to provide this verification is the **Programming Expert_Ke5Y**, as they can implement the calculations in Python code, ensuring accuracy and allowing for reproducibility of the results. This role will integrate the reasoning and provide a definitive answer through code execution.
[BROKER-EMBEDDING] Top-1 (Threshold 0.3): ['Math Solver_MNNi']
[BROKER] Predicted next task: The single most important capability still missing is independent verification of the solution. The best-suited role to provide this is the Inspector_oFNr. This role will recompute the answer using a different method, ensuring the accuracy of the previous agent's calculations and confirming the final result.
[BROKER-EMBEDDING] Top-1 (Threshold 0.3): ['Inspector_oFNr']
[BROKER] Predicted next task: The single most important capability still missing is the ability to execute code for verification of the mathematical solution. The best-suited downstream role to provide this capability is the **Programming Expert_Ke5Y**, as this role can integrate the reasoning and calculations into Python code, allowing for precise execution and confirmation of the final result.
[BROKER-EMBEDDING] Top-1 (Threshold 0.3): ['Math Solver_MNNi']
[BROKER] Predicted next task: The single most important capability still missing is independent verification of the caloric calculation. The best-suited downstream role to provide this verification is the Inspector_oFNr. This role will recompute the caloric intake and portion size using a different method, ensuring accuracy and confirming the results of the previous agent.
[BROKER-EMBEDDING] Top-1 (Threshold 0.3): ['Inspector_oFNr']
[BROKER] Predicted next task: The single most important capability still missing is the calculation of caloric density to determine how many grams correspond to the remaining 200 calories. The best-suited downstream role to provide this verification is the **Math Solver_MNNi**, as it can perform the necessary calculations step by step based on the hints provided by previous agents.
[BROKER-EMBEDDING] Top-1 (Threshold 0.3): ['Mathematical Analyst_3YnX']
[BROKER] Predicted next task: The single most important capability still missing is independent verification of the net profit calculation. The best-suited role to provide this verification is the **Inspector_oFNr**. This role will recompute the net profit using a different method, ensuring accuracy and confirming the correctness of the previous analysis.
[BROKER-EMBEDDING] Top-1 (Threshold 0.3): ['Inspector_oFNr']
[BROKER] Predicted next task: The most important capability still missing is the verification of the completeness of the cost assessment and the relationships between production costs, sales revenue, and net profit. The best-suited role to provide this verification is the **Mathematical Analyst_3YnX**, as they specialize in evaluating cost structures and revenue generation for small businesses, ensuring all relevant factors are considered without performing calculations.
[BROKER-EMBEDDING] Top-1 (Threshold 0.3): ['Mathematical Analyst_3YnX']
[BROKER] Predicted next task: The single most important capability still missing is independent verification of the calculations performed. The best-suited role to provide this is the **Inspector_oFNr**. This role will re-derive the answer using a different method, ensuring accuracy and validating the previous agent's results.
[BROKER-EMBEDDING] Top-1 (Threshold 0.3): ['Inspector_oFNr']
[BROKER] Predicted next task: The single most important capability still missing is the ability to perform independent and exact verification of the calculations related to article production and time estimation. The best-suited role to provide this capability is the **Programming Expert_Ke5Y**, as this agent can integrate step-by-step reasoning with Python code to accurately solve the math problem and verify the results derived from the previous analysis.
[BROKER-EMBEDDING] Top-1 (Threshold 0.3): ['Mathematical Analyst_3YnX']
[BROKER] Predicted next task: The single most important capability still missing is independent verification of the mathematical solution derived by the previous agent. The best-suited role to provide this verification is the **Inspector_oFNr**. This role will recompute the answer independently using a different method, ensuring accuracy and validating the previous analysis without restating it.
[BROKER-EMBEDDING] Top-1 (Threshold 0.3): ['Inspector_oFNr']
[BROKER] Predicted next task: The single most important capability still missing is the ability to perform exact calculations to isolate \( \text{package_post_it_num} \) from the established equation. The best-suited downstream role to provide this capability is the **Math Solver_MNNi**, as it specializes in solving math problems step by step based on the hints and logical setup provided by previous agents. This role will ensure the calculation is executed accurately and efficiently.
[BROKER-EMBEDDING] Top-1 (Threshold 0.3): ['Math Solver_MNNi']
[BROKER] Predicted next task: The single most important capability still missing is independent verification of the calculations regarding John's tie purchases. The best-suited role to provide this verification is the Inspector_oFNr. This role will recompute the answer using a different method, ensuring accuracy and identifying any discrepancies in the previous analysis.
[BROKER-EMBEDDING] Top-1 (Threshold 0.3): ['Inspector_oFNr']
[BROKER] Predicted next task: The most important capability still missing is the ability to independently verify the calculations and assumptions made regarding John's tie purchases. The best-suited downstream role to provide this verification is the **Programming Expert_Ke5Y**, as they can integrate the reasoning and calculations into a Python function to ensure accuracy and validate the results through code execution.
[BROKER-EMBEDDING] Top-1 (Threshold 0.3): ['Math Solver_MNNi']
[BROKER] Predicted next task: The single most important capability still missing is independent verification of the solution. The best-suited role to provide this is the Inspector_oFNr. This role will recompute the answer using a different method, ensuring accuracy and confirming the result derived by the previous agents.
[BROKER-EMBEDDING] Top-1 (Threshold 0.3): ['Inspector_oFNr']
[BROKER] Predicted next task: The single most important capability still missing is the ability to execute code for precise verification of the calculations. The best-suited downstream role to provide this capability is the **Programming Expert_Ke5Y**. This role can integrate the reasoning and calculations into a Python function, allowing for exact computation and validation of the number of pieces derived from the wire's length.
[BROKER-EMBEDDING] Top-1 (Threshold 0.3): ['Mathematical Analyst_3YnX']
[BROKER] Predicted next task: The single most important capability still missing is independent verification of the calculated number of unoccupied units. The best-suited role to provide this verification is the **Inspector_oFNr**. This role will recompute the answer using a different method, ensuring accuracy and reliability of the result without restating the previous solution.
[BROKER-EMBEDDING] Top-1 (Threshold 0.3): ['Inspector_oFNr']
[BROKER] Predicted next task: The single most important capability still missing is independent verification of the calculations related to occupancy analysis. The best-suited role to provide this verification is the **Mathematical Analyst_3YnX**, as they specialize in occupancy problems and can confirm the accuracy of the total number of units and the occupancy fraction before proceeding with further analysis.
[BROKER-EMBEDDING] Top-1 (Threshold 0.3): ['Mathematical Analyst_3YnX']
[BROKER] Predicted next task: The single most important capability still missing is independent verification of the revenue calculation. The best-suited role to provide this verification is the **Inspector_oFNr**. This role will recompute the answer using a different method, ensuring accuracy and identifying any discrepancies in the previous analysis.
[BROKER-EMBEDDING] Top-1 (Threshold 0.3): ['Inspector_oFNr']
[BROKER] Predicted next task: The single most important capability still missing is the ability to verify the calculations and economic assumptions made in the analysis of Lloyd's egg production and revenue generation. The role best suited to provide this verification is the **Mathematical Analyst_3YnX**, as it specializes in critically evaluating the revenue generation process, ensuring logical consistency, and assessing the appropriateness of economic assumptions in agricultural economics.
[BROKER-EMBEDDING] Top-1 (Threshold 0.3): ['Mathematical Analyst_3YnX']
[BROKER] Predicted next task: The single most important capability still missing is independent verification of the calculations provided by the Mathematical Analyst. The best-suited role to provide this verification is the Inspector_oFNr. This role will recompute the answer using a different method, ensuring accuracy and reliability of the result.
[BROKER-EMBEDDING] Top-1 (Threshold 0.3): ['Inspector_oFNr']
[BROKER] Predicted next task: The single most important capability still missing is the ability to perform exact numerical calculations and verify the analysis provided by the previous agents. The best-suited downstream role for this task is the **Math Solver_MNNi**, as it specializes in solving math problems step by step based on hints and can provide a final numerical result, ensuring accuracy in the calculations related to Tom's journey.
[BROKER-EMBEDDING] Top-1 (Threshold 0.3): ['Math Solver_MNNi']
[BROKER] Predicted next task: The single most important capability still missing is the ability to perform exact calculations and provide a definitive answer based on the established relationships. The best-suited downstream role to provide this verification is the **Math Solver_MNNi**, as it specializes in solving math problems step by step and delivering a final result. This role will ensure that the calculations regarding the weight removal from Uriah's book bag are accurately completed.
[BROKER-EMBEDDING] Top-1 (Threshold 0.3): ['Math Solver_MNNi']
[BROKER] Predicted next task: The single most important capability still missing is independent verification of the logical analysis provided by the Math Solver. The best-suited role to provide this verification is the **Inspector_oFNr**. This role will independently re-derive the answer using a different method, ensuring the accuracy of the calculations and confirming the logical consistency of the relationships established in the previous analysis.
[BROKER-EMBEDDING] Top-1 (Threshold 0.3): ['Inspector_oFNr']
[BROKER] Predicted next task: The single most important capability still missing is the independent verification of the revenue calculations. The best-suited role to provide this verification is the **Inspector_oFNr**. This role will recompute the revenue for both days using a different method, ensuring accuracy and identifying any discrepancies in the previous analysis.
[BROKER-EMBEDDING] Top-1 (Threshold 0.3): ['Inspector_oFNr']
[BROKER] Predicted next task: The single most important capability still missing is the ability to perform exact calculations to determine the total revenue for Thursday and Friday. The best-suited downstream role to provide this capability is the **Math Solver_MNNi**, as it specializes in solving math problems step by step and can deliver the final revenue results accurately.
[BROKER-EMBEDDING] Top-1 (Threshold 0.3): ['Math Solver_MNNi']
[BROKER] Predicted next task: The single most important capability still missing is independent verification of the total number of kittens calculated by the Mathematical Analyst. The best-suited role to provide this verification is the **Inspector_oFNr**. This role will independently re-derive the answer using a different method, ensuring accuracy and consistency in the calculations without restating the previous solution.
[BROKER-EMBEDDING] Top-1 (Threshold 0.3): ['Inspector_oFNr']
[BROKER] Predicted next task: The single most important capability still missing is the ability to perform exact calculations based on the established relationships. The best-suited downstream role to provide this capability is the **Math Solver_MNNi**. This role can take the logical structure and relationships defined by the previous agents and execute the necessary calculations to determine the total number of kittens accurately.
[BROKER-EMBEDDING] Top-1 (Threshold 0.3): ['Mathematical Analyst_3YnX']
[BROKER] Predicted next task: The single most important capability still missing is independent verification of the calculations performed by the Mathematical Analyst. The best-suited role to provide this verification is the Inspector_oFNr. This role will recompute the answer using a different method, ensuring accuracy and confirming the correctness of the previous analysis.
[BROKER-EMBEDDING] Top-1 (Threshold 0.3): ['Inspector_oFNr']
[BROKER] Predicted next task: The single most important capability still missing is the ability to execute code for exact verification of the calculations regarding Jean's lollipops. The best-suited downstream role to provide this capability is the **Programming Expert_Ke5Y**, as this role can integrate the logical analysis provided by previous agents and implement it in Python code to compute the final result accurately.
[BROKER-EMBEDDING] Top-1 (Threshold 0.3): ['Mathematical Analyst_3YnX']
[BROKER] Predicted next task: The single most important capability still missing is independent verification of the mathematical solution. The best-suited role to provide this is the **Inspector_oFNr**, as it will recompute the answer using a different method, ensuring accuracy and reliability of the result. This role will independently derive the answer from the original problem, confirming or correcting the previous analysis.
[BROKER-EMBEDDING] Top-1 (Threshold 0.3): ['Inspector_oFNr']
[BROKER] Predicted next task: The single most important capability still missing is the execution of the calculation to determine how many times Peter can go to the movies based on his budget. The best-suited role to provide this capability is the **Math Solver_MNNi**, as it specializes in solving math problems step by step and can deliver the final numerical result based on the established financial analysis.
[BROKER-EMBEDDING] Top-1 (Threshold 0.3): ['Mathematical Analyst_3YnX']
[BROKER] Predicted next task: The single most important capability still missing is independent verification of the mathematical analysis provided. The best-suited role to provide this verification is the **Inspector_oFNr**. This role will recompute the answer using a different method, ensuring accuracy and reliability of the result without restating the previous solution.
[BROKER-EMBEDDING] Top-1 (Threshold 0.3): ['Inspector_oFNr']
[BROKER] Predicted next task: The single most important capability still missing is independent verification of the calculations and analysis regarding weight distribution and load capacity. The best-suited role to provide this verification is the **Mathematical Analyst_3YnX**, as they specialize in critically evaluating constraints and confirming the accuracy of the weights involved, ensuring that the bridge's weight limit is not exceeded.
[BROKER-EMBEDDING] Top-1 (Threshold 0.3): ['Mathematical Analyst_3YnX']
[BROKER] Predicted next task: The single most important capability still missing is the ability to perform exact calculations to verify the final price of Stephen's grocery order. The best-suited downstream role to provide this verification is the **Math Solver_MNNi**, as it can systematically solve the math problem step by step based on the hints provided by previous agents, ensuring accuracy in the final result.
[BROKER-EMBEDDING] Top-1 (Threshold 0.3): ['Math Solver_MNNi']
[BROKER] Predicted next task: The single most important capability still missing is independent verification of the calculated total number of raspberries. The best-suited role to provide this verification is the **Inspector_oFNr**. This role will independently re-derive the answer using a different method, ensuring accuracy and identifying any discrepancies in the previous calculations.
[BROKER-EMBEDDING] Top-1 (Threshold 0.3): ['Inspector_oFNr']
[BROKER] Predicted next task: The single most important capability still missing is the ability to execute calculations independently and verify the results. The best-suited downstream role to provide this capability is the **Programming Expert_Ke5Y**. This role can integrate the analysis and calculations into a Python function, ensuring accurate execution and returning the final result programmatically.
[BROKER-EMBEDDING] Top-1 (Threshold 0.3): ['Programming Expert_Ke5Y']
[BROKER] Predicted next task: The single most important capability still missing is independent verification of the calculations regarding the number of good oranges. The best-suited role to provide this verification is the **Inspector_oFNr**. This role will recompute the answer using a different method, ensuring accuracy and confirming the results derived by the Mathematical Analyst.
[BROKER-EMBEDDING] Top-1 (Threshold 0.3): ['Inspector_oFNr']
[BROKER] Predicted next task: The single most important capability still missing is independent verification of the calculations regarding the classification of oranges. The best-suited role to provide this verification is the **Programming Expert_Ke5Y**, as they can implement the logic in Python code to ensure the calculations are accurate and consistent, allowing for precise verification of the results.
[BROKER-EMBEDDING] Top-1 (Threshold 0.3): ['Mathematical Analyst_3YnX']
[BROKER] Predicted next task: The single most important capability still missing is the execution of calculations to provide a final numerical answer for Janet's total expenditure. The best-suited role to provide this verification is the **Math Solver_MNNi**, as it specializes in solving math problems step by step and delivering a final result. This role will ensure that the calculations are accurately performed and verified independently.
[BROKER-EMBEDDING] Top-1 (Threshold 0.3): ['Math Solver_MNNi']
[BROKER] Predicted next task: The single most important capability still missing is the ability to perform independent and exact verification of the calculations related to Janet's total expenditure. The best-suited downstream role to provide this capability is the **Inspector_oFNr**. This role will independently re-derive the answer using a different method, ensuring accuracy and validating the results obtained by the previous agent.
[BROKER-EMBEDDING] Top-1 (Threshold 0.3): ['Inspector_oFNr']
[BROKER] Predicted next task: The single most important capability still missing is the ability to perform exact calculations based on the analysis provided. The best-suited downstream role to provide this capability is the **Math Solver_MNNi**. This role can take the hints and reasoning from the Mathematical Analyst and execute the necessary calculations step by step to arrive at the final pension amount for Marcy.
[BROKER-EMBEDDING] Top-1 (Threshold 0.3): ['Math Solver_MNNi']
[BROKER] Predicted next task: The single most important capability still missing is the independent verification of the pension calculation. The best-suited role to provide this is the **Inspector_oFNr**, as this agent will recompute the pension amount using a different method, ensuring accuracy and identifying any discrepancies in the previous analysis. This independent verification is crucial for confirming the correctness of the pension outcome.
[BROKER-EMBEDDING] Top-1 (Threshold 0.3): ['Mathematical Analyst_3YnX']
[BROKER] Predicted next task: The single most important capability still missing is independent verification of the calculations provided by the Mathematical Analyst. The best-suited role to provide this verification is the Inspector_oFNr. This role will recompute the total cost using a different method, ensuring accuracy and identifying any discrepancies in the previous analysis.
[BROKER-EMBEDDING] Top-1 (Threshold 0.3): ['Inspector_oFNr']
[BROKER] Predicted next task: The single most important capability still missing is the execution of numerical calculations to verify the accuracy of the cost breakdown. The best-suited downstream role to provide this capability is the **Math Solver_MNNi**, as it specializes in solving math problems step by step and can ensure that the calculations are not only logically sound but also numerically accurate.
[BROKER-EMBEDDING] Top-1 (Threshold 0.3): ['Math Solver_MNNi']
[BROKER] Predicted next task: The single most important capability still missing is independent verification of the calculations performed by the Mathematical Analyst. The best-suited role to provide this verification is the Inspector_oFNr. This role will recompute the answer using a different method, ensuring accuracy and consistency in the final result.
[BROKER-EMBEDDING] Top-1 (Threshold 0.3): ['Inspector_oFNr']
[BROKER] Predicted next task: The single most important capability still missing is the ability to perform exact calculations based on the analysis provided. The best-suited downstream role to provide this verification is the **Math Solver_MNNi**, as it can take the hints and logical reasoning from the previous agents and execute the necessary calculations step by step to determine how far Sophia can drive on a full tank of gas.
[BROKER-EMBEDDING] Top-1 (Threshold 0.3): ['Mathematical Analyst_3YnX']
[BROKER] Predicted next task: The single most important capability still missing is independent verification of the calculations regarding Jim's weekly routine. The best-suited role to provide this verification is the **Inspector_oFNr**. This role will independently re-derive the total time spent on each activity using a different method, ensuring accuracy and confirming the results obtained by the previous agents.
[BROKER-EMBEDDING] Top-1 (Threshold 0.3): ['Inspector_oFNr']
[BROKER] Predicted next task: The single most important capability still missing is the ability to perform exact calculations to verify the time allocations for Jim's activities over the specified period. The role best suited to provide this verification is the **Math Solver_MNNi**, as it specializes in solving math problems step by step based on provided hints, ensuring accurate results for the time management analysis.
[BROKER-EMBEDDING] Top-1 (Threshold 0.3): ['Mathematical Analyst_3YnX']
[BROKER] Predicted next task: The single most important capability still missing is independent verification of the total number of participants calculated by the Mathematical Analyst. The best-suited downstream role to provide this verification is the **Inspector_oFNr**. This role will recompute the total number of participants using a different method, ensuring accuracy and confirming the results independently.
[BROKER-EMBEDDING] Top-1 (Threshold 0.3): ['Inspector_oFNr']
[BROKER] Predicted next task: The single most important capability still missing is the ability to execute code for independent verification of the calculations regarding the basketball tournament participants. The best-suited role to provide this capability is the **Programming Expert_Ke5Y**, as this agent can integrate the reasoning and calculations into Python code, allowing for precise execution and validation of the results.
[BROKER-EMBEDDING] Top-1 (Threshold 0.3): ['Math Solver_MNNi']
[BROKER] Predicted next task: The single most important capability still missing is independent verification of the total number of gems calculated by the Mathematical Analyst. The best-suited downstream role to provide this verification is the Inspector_oFNr. This role will independently re-derive the answer using a different method, ensuring accuracy and confirming the correctness of the previous calculations.
[BROKER-EMBEDDING] Top-1 (Threshold 0.3): ['Inspector_oFNr']
[BROKER] Predicted next task: The single most important capability still missing is the ability to perform exact calculations and provide verification of the derived expressions. The best-suited downstream role to provide this capability is the **Programming Expert_Ke5Y**, as this role can integrate the logical reasoning provided by previous agents into executable Python code to compute the total number of gems accurately.
[BROKER-EMBEDDING] Top-1 (Threshold 0.3): ['Math Solver_MNNi']
[BROKER] Predicted next task: The single most important capability still missing is independent verification of the calculations provided by the Mathematical Analyst. The best-suited role to provide this verification is the Inspector_oFNr. This role will recompute the answer using a different method, ensuring accuracy and identifying any discrepancies in the previous calculations.
[BROKER-EMBEDDING] Top-1 (Threshold 0.3): ['Inspector_oFNr']
[BROKER] Predicted next task: The single most important capability still missing is the ability to execute code for precise verification of the calculations regarding the number of teachers. The best-suited downstream role to provide this capability is the **Programming Expert_Ke5Y**, as this role can integrate the analysis into a Python function to compute the final result programmatically, ensuring accuracy and reliability in the calculations.
[BROKER-EMBEDDING] Top-1 (Threshold 0.3): ['Mathematical Analyst_3YnX']
[BROKER] Predicted next task: The single most important capability still missing is independent verification of the calculations performed by the Mathematical Analyst. The best-suited role to provide this verification is the Inspector_oFNr. This role will independently re-derive the answer using a different method, ensuring accuracy and confirming the correctness of the previous analysis.
[BROKER-EMBEDDING] Top-1 (Threshold 0.3): ['Inspector_oFNr']
[BROKER] Predicted next task: The single most important capability still missing is the execution of calculations to determine Bailey's initial amount. The best-suited downstream role to provide this verification is the **Math Solver_MNNi**. This role will take the established relationships and perform the necessary calculations step by step to arrive at the final result, ensuring accuracy and clarity in the solution.
[BROKER-EMBEDDING] Top-1 (Threshold 0.3): ['Math Solver_MNNi']
[BROKER] Predicted next task: The single most important capability still missing is independent verification of the revenue calculation. The best-suited role to provide this verification is the **Inspector_oFNr**. This role will recompute the total revenue using a different method, ensuring accuracy and confirming the previous agent's result.
[BROKER-EMBEDDING] Top-1 (Threshold 0.3): ['Inspector_oFNr']
[BROKER] Predicted next task: The most important capability still missing is the independent verification of the assumptions regarding class attendance and pricing. The role best suited to provide this verification is the **Mathematical Analyst_3YnX**. This agent specializes in revenue generation analysis and can confirm the consistency of class counts and student numbers, ensuring that all calculations are based on accurate interpretations of the problem's parameters before proceeding with any further analysis.
[BROKER-EMBEDDING] Top-1 (Threshold 0.3): ['Mathematical Analyst_3YnX']
[BROKER] Predicted next task: The single most important capability still missing is independent verification of the calculations regarding the total number of instructions. The best-suited downstream role to provide this verification is the **Inspector_oFNr**. This role will recompute the answer using a different method, ensuring the accuracy of the previous agent's results and confirming the total number of instructions Kelian has to read.
[BROKER-EMBEDDING] Top-1 (Threshold 0.3): ['Inspector_oFNr']
[BROKER] Predicted next task: The single most important capability still missing is the ability to execute code for exact verification of the calculations regarding the recipes. The best-suited downstream role to provide this capability is the **Programming Expert_Ke5Y**, as this agent can integrate reasoning with Python code to solve the problem and confirm the total number of instructions through execution.
[BROKER-EMBEDDING] Top-1 (Threshold 0.3): ['Mathematical Analyst_3YnX']
[BROKER] Predicted next task: The single most important capability still missing is independent verification of the revenue calculation. The best-suited role to provide this is the **Inspector_oFNr**, as it will recompute the answer using a different method, ensuring accuracy and reliability of the result. This role will independently derive the total revenue from the original problem, confirming or correcting the previous agent's output.
[BROKER-EMBEDDING] Top-1 (Threshold 0.3): ['Inspector_oFNr']
[BROKER] Predicted next task: The single most important capability still missing is the ability to execute code for verification of the calculations. The best-suited downstream role to provide this capability is the Programming Expert_Ke5Y. This role can integrate the arithmetic operations into a Python function, allowing for precise execution and verification of the revenue calculations, ensuring accuracy and reliability in the results.
[BROKER-EMBEDDING] Top-1 (Threshold 0.3): ['Mathematical Analyst_3YnX']
[BROKER] Predicted next task: The single most important capability still missing is independent verification of the calculations performed by the Mathematical Analyst. The best-suited role to provide this verification is the Inspector_oFNr. This role will recompute the answer using a different method, ensuring accuracy and reliability of the final result.
[BROKER-EMBEDDING] Top-1 (Threshold 0.3): ['Inspector_oFNr']
[BROKER] Predicted next task: The single most important capability still missing is independent verification of the calculations and logical flow presented. The best-suited role to provide this verification is the **Mathematical Analyst_3YnX**. This role specializes in analyzing the structure of installment payment processes and confirming the accuracy of interest calculations and total payment structures, ensuring all variables are clearly defined and understood without providing numerical solutions.
[BROKER-EMBEDDING] Top-1 (Threshold 0.3): ['Mathematical Analyst_3YnX']
[BROKER] Predicted next task: The single most important capability still missing is the exact calculation of total revenue after rounding the prices. The best-suited downstream role to provide this verification is the **Math Solver_MNNi**. This role will take the analysis provided by the Mathematical Analyst and perform the step-by-step calculations to arrive at the final revenue figure, ensuring accuracy and clarity in the arithmetic process.
[BROKER-EMBEDDING] Top-1 (Threshold 0.3): ['Inspector_oFNr']
[BROKER] Predicted next task: The single most important capability still missing is the exact calculation of total revenue based on the rounded prices and quantities sold. The best-suited downstream role to provide this verification is the **Math Solver_MNNi**, as it can perform the necessary calculations step by step to determine the final revenue figures accurately.
[BROKER-EMBEDDING] Top-1 (Threshold 0.3): ['Mathematical Analyst_3YnX']
[BROKER] Predicted next task: The single most important capability still missing is independent verification of the calculations regarding the square footages and average. The best-suited role to provide this verification is the **Inspector_oFNr**. This role will independently re-derive the answer using a different method, ensuring accuracy and confirming the results obtained by the previous agents.
[BROKER-EMBEDDING] Top-1 (Threshold 0.3): ['Inspector_oFNr']
[BROKER] Predicted next task: The single most important capability still missing is the ability to execute code for precise verification of the calculations related to the sandcastle's square footages and averages. The best-suited role to provide this capability is the **Programming Expert_Ke5Y**, as they can integrate the mathematical analysis into executable Python code, ensuring accurate computation and validation of the results derived from the previous agents' outputs.
[BROKER-EMBEDDING] Top-1 (Threshold 0.3): ['Mathematical Analyst_3YnX']
[BROKER] Predicted next task: The single most important capability still missing is independent verification of the calculations regarding the puppy's feeding schedule and total food requirements. The best-suited role to provide this verification is the **Inspector_oFNr**. This role will recompute the answer using a different method, ensuring accuracy and confirming the results derived by the previous agents.
[BROKER-EMBEDDING] Top-1 (Threshold 0.3): ['Inspector_oFNr']
[BROKER] Predicted next task: The single most important capability still missing is the ability to perform exact calculations and verify the feeding schedule's total consumption. The best-suited downstream role to provide this verification is the **Math Solver_MNNi**, as it specializes in solving math problems step by step based on provided hints, ensuring accurate calculations of the puppy's feeding regimen.
[BROKER-EMBEDDING] Top-1 (Threshold 0.3): ['Mathematical Analyst_3YnX']
[BROKER] Predicted next task: The single most important capability still missing is independent verification of the calculations performed by the Mathematical Analyst. The best-suited role to provide this verification is the Inspector_oFNr. This role will re-derive the answer using a different method, ensuring accuracy and confirming the results obtained by the previous agent.
[BROKER-EMBEDDING] Top-1 (Threshold 0.3): ['Inspector_oFNr']
[BROKER] Predicted next task: The single most important capability still missing is the ability to execute code for verification of the calculations made regarding the laundry quantities. The best-suited downstream role to provide this capability is the **Programming Expert_Ke5Y**, as this agent can integrate the reasoning and calculations into Python code, allowing for precise execution and verification of the results.
[BROKER-EMBEDDING] Top-1 (Threshold 0.3): ['Mathematical Analyst_3YnX']
[BROKER] Predicted next task: The single most important capability still missing is independent verification of the cost analysis. The best-suited role to provide this verification is the **Inspector_oFNr**. This role will recompute the costs and savings using a different method, ensuring the accuracy of the previous analysis and confirming the final result.
[BROKER-EMBEDDING] Top-1 (Threshold 0.3): ['Inspector_oFNr']
[BROKER] Predicted next task: The most important capability still missing is the ability to perform exact calculations and verify the cost analysis presented. The best-suited downstream role for this task is the **Programming Expert_Ke5Y**, as this role can integrate step-by-step reasoning with Python code to solve the mathematical problems related to Vincent's purchasing options, ensuring accuracy and providing a definitive answer.
[BROKER-EMBEDDING] Top-1 (Threshold 0.3): ['Mathematical Analyst_3YnX']
[BROKER] Predicted next task: The single most important capability still missing is independent verification of the final cost calculation. The best-suited role to provide this verification is the Inspector_oFNr. This role will recompute the answer using a different method, ensuring accuracy and reliability of the result without restating the previous solution.
[BROKER-EMBEDDING] Top-1 (Threshold 0.3): ['Inspector_oFNr']
[BROKER] Predicted next task: The single most important capability still missing is the execution of the calculations to provide an exact verification of the discount application process. The best-suited role to provide this capability is the **Programming Expert_Ke5Y**, as they can integrate the reasoning and code to compute the final cost after applying the discount, ensuring accuracy through execution.
[BROKER-EMBEDDING] Top-1 (Threshold 0.3): ['Mathematical Analyst_3YnX']
[improved] acc=0.825 (66/80) leak=0.00 prog_pubs=2 cost=$0.2276

==================== A/B SUMMARY ====================
metric                    baseline      improved      
accuracy                  0.950         0.825         
refine solution-leak      0.54          0.00          
Programming Expert pubs   4             2             
cost ($)                  0.1954        0.2276        

improved fixed 1 baseline-failures [7]; newly broke 11 [9, 10, 14, 15, 20, 52, 53, 54, 61, 62, 74]
